49.7,49.825,49.7,49.78
49.775,49.8,49.77,49.78
49.8,49.85,49.73,49.73
49.715,49.765,49.67,49.685
49.595,49.7,49.54,49.615
49.558,49.558,49.433,49.475
49.385,49.49,49.33,49.475
49.44,49.55,49.44,49.55
49.6,49.63,49.57,49.61
49.605,49.665,49.6,49.62
49.55,49.64,49.505,49.51
49.54,49.54,49.48,49.505
49.6,49.6,49.515,49.55
49.55,49.63,49.538,49.618
49.565,49.59,49.52,49.538
49.53,49.57,49.465,49.57
49.475,49.675,49.475,49.635
49.627,49.641,49.6,49.628
49.765,49.87,49.76,49.865
49.833,49.907,49.833,49.865
49.95,50.005,49.938,49.97
49.93,49.93,49.83,49.83
49.79,49.81,49.705,49.75
49.755,49.81,49.71,49.81
49.95,49.966,49.8,49.93
49.94,49.993,49.93,49.98
49.96,49.96,49.86,49.885
49.895,49.95,49.87,49.91
49.85,49.905,49.82,49.86
49.86,49.87,49.825,49.87
49.825,49.855,49.78,49.785
49.808,49.85,49.793,49.825
49.805,49.877,49.795,49.85
49.84,49.87,49.77,49.77
49.75,49.75,49.64,49.705
49.695,49.818,49.66,49.78
49.785,49.895,49.785,49.875
49.863,49.925,49.85,49.85
49.825,49.84,49.78,49.82
49.81,49.848,49.808,49.82
49.775,49.878,49.727,49.76
49.737,49.77,49.73,49.765
49.735,49.801,49.695,49.8
49.8,49.838,49.79,49.83
49.78,49.83,49.723,49.77
49.745,49.795,49.745,49.745
49.775,49.885,49.735,49.795
49.774,49.85,49.77,49.78
49.725,49.81,49.692,49.695
49.723,49.747,49.695,49.695
49.705,49.725,49.62,49.655
49.66,49.783,49.635,49.78
49.8,49.85,49.758,49.77
49.8,49.87,49.645,49.645
49.83,49.985,49.767,49.87
49.835,49.91,49.835,49.873
49.935,49.96,49.905,49.918
49.903,49.935,49.86,49.86
49.9,49.948,49.88,49.945
49.938,49.945,49.9,49.925
49.9,49.95,49.875,49.88
49.85,49.925,49.84,49.88
49.92,49.962,49.895,49.915
49.897,49.953,49.88,49.92
49.9,49.943,49.88,49.93
49.918,49.983,49.915,49.96
49.975,49.993,49.938,49.963
49.98,50.498,49.95,49.95
50.06,50.215,50.037,50.2
50.175,50.228,50.13,50.2
50.325,50.57,50.285,50.298
50.347,50.35,50.25,50.27
50.25,50.292,50.215,50.27
50.298,50.313,50.2,50.3
50.24,50.27,50.2,50.23
50.243,50.265,50.2,50.225
50.175,50.215,50.14,50.175
50.163,50.245,50.163,50.21
50.21,50.305,50.208,50.275
50.275,50.3,50.26,50.28
50.28,50.3,50.24,50.261
50.261,50.262,50.22,50.22
50.315,50.33,50.238,50.305
50.278,50.323,50.278,50.28
50.3,50.32,50.27,50.316
50.316,50.345,50.285,50.32
50.35,50.393,50.315,50.38
50.375,50.4,50.37,50.4
50.325,50.41,50.325,50.385
50.362,50.415,50.362,50.394
50.35,50.382,50.28,50.3
50.3,50.33,50.275,50.285
50.25,50.315,50.235,50.268
50.237,50.37,50.237,50.35
50.37,50.41,50.35,50.395
50.395,50.402,50.364,50.39
50.375,50.39,50.325,50.355
50.355,50.36,50.34,50.36
50.32,50.33,50.155,50.29
50.26,50.345,50.26,50.32
50.35,50.38,50.315,50.345
50.345,50.37,50.323,50.365
50.31,50.365,50.298,50.305
50.295,50.353,50.272,50.35
50.2,50.245,50.18,50.225
50.188,50.225,50.088,50.13
50.13,50.19,50.1,50.17
50.155,50.2,50.15,50.178
50.175,50.19,50.135,50.145
50.143,50.165,50.095,50.1
50.15,50.195,50.1,50.185
50.188,50.193,50.173,50.185
50.168,50.333,50.168,50.295
50.295,50.333,50.259,50.31
50.3,50.382,50.3,50.346
50.346,50.39,50.305,50.325
50.345,50.387,50.315,50.355
50.361,50.373,50.32,50.34
50.225,50.34,50.158,50.165
50.16,50.223,50.11,50.135
50.14,50.197,50.14,50.185
50.183,50.218,50.124,50.18
50.215,50.258,50.212,50.22
50.218,50.242,50.125,50.125
50.153,50.3,50.153,50.185
50.18,50.223,50.165,50.193
50.23,50.26,50.225,50.23
50.215,50.235,50.16,50.2
50.2,50.208,50.115,50.118
50.117,50.181,50.1,50.163
50.125,50.2,50,50.145
50.173,50.188,50.138,50.175
50.155,50.19,50.155,50.168
50.168,50.18,50.127,50.151
50.185,50.2,50.146,50.17
50.145,50.19,50.145,50.175
50.177,50.235,50.17,50.18
50.16,50.213,50.069,50.083
49.875,50.385,49.748,49.763
49.75,49.775,49.68,49.705
49.64,49.74,49.635,49.714
49.674,49.72,49.595,49.646
49.623,49.7,49.57,49.575
49.573,49.595,49.4,49.43
49.45,49.625,49.43,49.555
49.568,49.62,49.537,49.54
49.515,49.648,49.51,49.635
49.648,49.665,49.607,49.62
49.595,49.745,49.45,49.72
49.737,49.792,49.68,49.74
49.77,49.877,49.75,49.848
49.83,49.852,49.79,49.83
49.81,49.885,49.74,49.743
49.725,49.785,49.725,49.77
49.75,49.848,49.748,49.81
49.765,49.83,49.74,49.785
49.848,49.848,49.715,49.75
49.763,49.765,49.635,49.675
49.67,49.726,49.635,49.655
49.647,49.792,49.647,49.78
49.725,49.928,49.725,49.86
49.868,49.975,49.85,49.965
50.1,50.125,50.035,50.055
50.05,50.11,49.97,50.04
49.995,49.995,49.868,49.92
49.91,49.988,49.91,49.965
50.01,50.033,49.847,49.86
49.86,49.928,49.86,49.875
49.89,49.965,49.847,49.905
49.927,49.962,49.891,49.915
49.935,49.948,49.833,49.845
49.868,49.88,49.792,49.88
49.92,49.932,49.877,49.9
49.903,49.947,49.9,49.925
49.95,49.997,49.923,49.952
49.94,50.005,49.94,49.965
49.925,49.977,49.913,49.955
49.96,49.96,49.888,49.958
49.835,50,49.81,49.85
49.86,49.86,49.745,49.76
49.73,49.775,49.692,49.702
49.698,49.85,49.656,49.679
49.63,49.725,49.549,49.69
49.692,49.734,49.633,49.717
49.648,49.774,49.648,49.749
49.752,49.784,49.7,49.765
49.71,49.89,49.71,49.83
49.83,49.857,49.783,49.854
49.875,49.948,49.875,49.903
49.893,49.915,49.865,49.865
49.71,49.908,49.71,49.755
49.743,49.775,49.73,49.765
49.75,49.82,49.735,49.816
49.791,49.865,49.77,49.77
49.925,49.985,49.925,49.98
49.975,50.01,49.96,49.995
49.95,49.95,49.83,49.85
49.83,49.87,49.825,49.845
49.84,49.88,49.84,49.868
49.862,49.905,49.76,49.76
49.85,49.85,49.73,49.81
49.825,49.85,49.82,49.83
49.865,49.92,49.865,49.876
49.868,49.89,49.815,49.845
49.805,49.88,49.729,49.765
49.772,49.792,49.711,49.77
49.8,49.81,49.75,49.768
49.78,49.805,49.747,49.747
49.757,49.803,49.701,49.725
49.69,49.75,49.51,49.56
49.43,49.6,48.935,49.42
49.42,49.435,49.37,49.375
49.35,49.482,49.35,49.46
49.48,49.575,49.449,49.55
49.475,49.588,49.45,49.588
49.558,49.583,49.46,49.5
49.575,49.62,49.53,49.56
49.555,49.555,49.48,49.502
49.525,49.555,49.422,49.467
49.455,49.552,49.455,49.491
49.54,49.595,49.512,49.56
49.55,49.595,49.535,49.54
49.5,49.559,49.467,49.52
49.528,49.528,49.472,49.503
49.455,49.55,49.435,49.55
49.55,49.715,49.529,49.706
49.675,49.895,49.63,49.895
49.89,49.895,49.865,49.895
49.85,49.91,49.801,49.855
49.862,49.94,49.857,49.91
49.95,50.362,49.74,50.08
50.075,50.12,50.025,50.1
50.15,50.298,50.15,50.29
50.285,50.316,50.21,50.295
50.235,50.507,50.22,50.314
50.327,50.363,50.29,50.338
50.38,50.39,50.31,50.31
50.302,50.338,50.215,50.215
50.225,50.295,50.18,50.265
50.257,50.32,50.24,50.295
50.325,50.52,50.3,50.47
50.457,50.522,50.457,50.522
50.51,50.51,50.38,50.425
50.467,50.582,50.42,50.55
50.56,50.6,50.325,50.357
50.4,50.5,50.35,50.465
50.575,50.575,50.425,50.515
50.597,50.71,50.495,50.64
50.525,50.594,50.478,50.49
50.515,50.588,50.46,50.51
50.54,50.555,50.45,50.505
50.49,50.625,50.482,50.61
50.6,50.67,50.562,50.64
50.622,50.71,50.622,50.67
50.615,50.692,50.55,50.575
50.61,50.619,50.515,50.59
50.59,50.638,50.57,50.615
50.612,50.717,50.61,50.717
50.735,50.785,50.65,50.772
50.787,50.89,50.568,50.57
50.5,50.662,50.445,50.6
50.605,50.64,50.29,50.56
50.45,50.56,50.413,50.47
50.485,50.573,50.444,50.525
50.54,50.665,50.54,50.64
50.632,50.675,50.581,50.653
50.653,50.658,50.545,50.631
50.605,50.71,50.605,50.7
50.675,50.83,50.675,50.74
50.72,50.792,50.7,50.77
50.75,50.827,50.715,50.81
50.805,50.965,50.805,50.95
50.9,50.94,50.806,50.915
50.903,50.92,50.83,50.88
50.8,50.815,50.735,50.756
50.755,50.785,50.689,50.715
50.715,50.79,50.67,50.772
50.77,50.795,50.717,50.738
50.765,50.84,50.615,50.635
50.62,50.67,50.542,50.55
50.6,50.665,50.49,50.65
50.61,50.715,50.61,50.65
50.5,50.655,50.48,50.535
50.542,50.606,50.53,50.56
50.6,50.645,50.54,50.63
50.615,50.635,50.545,50.545
50.59,50.755,50.46,50.515
50.518,50.545,50.432,50.432
50.445,50.505,50.35,50.45
50.45,50.455,50.35,50.39
50.375,50.485,50.375,50.478
50.455,50.46,50.353,50.395
50.345,50.44,50.345,50.375
50.393,50.408,50.26,50.26
50.25,50.262,50.15,50.185
50.188,50.205,50.125,50.155
50.26,50.345,50.247,50.325
50.302,50.393,50.295,50.355
50.33,50.44,50.32,50.37
50.37,50.47,50.36,50.445
50.625,50.693,50.576,50.673
50.653,50.75,50.445,50.575
50.615,50.725,50.61,50.711
50.685,50.818,50.647,50.795
50.865,51.265,50.865,51.02
51.02,51.045,50.925,50.98
50.9,51.005,50.895,50.978
50.975,51.088,50.935,51.08
51.15,51.23,51.125,51.185
51.188,51.355,51.16,51.345
51.345,51.603,51.29,51.35
51.325,51.45,51.3,51.355
51.23,51.385,51.165,51.307
51.307,51.395,51.307,51.35
51.445,51.63,51.445,51.47
51.44,51.485,51.39,51.485
51.445,51.505,51.4,51.425
51.41,51.44,51.245,51.245
51.245,51.278,51.08,51.19
51.195,51.315,51,51.23
51.15,51.15,50.98,51.08
51.065,51.105,50.99,51.01
51.04,51.138,51.04,51.126
51.119,51.153,51.062,51.085
51.11,51.22,51.11,51.145
51.14,51.175,51.08,51.155
51.131,51.196,51.105,51.145
51.138,51.228,51.136,51.136
51.175,51.215,51.118,51.18
51.17,51.197,51.14,51.164
51.204,51.235,51.15,51.17
51.185,51.21,51.155,51.18
51.105,51.153,51.05,51.15
51.15,51.16,51.1,51.147
51.145,51.18,51.085,51.177
51.162,51.198,51.09,51.09
51.03,51.103,51.01,51.04
51.035,51.058,50.935,50.95
50.757,50.778,50.705,50.725
50.727,50.9,50.685,50.87
50.87,50.94,50.827,50.895
50.895,50.93,50.87,50.93
50.94,51.03,50.91,50.91
50.97,51,50.9,50.975
51.105,51.16,51.08,51.155
51.153,51.192,51.14,51.175
51.19,51.295,51.19,51.22
51.215,51.28,51.18,51.192
51.195,51.24,51.15,51.185
51.185,51.21,51.115,51.115
51.14,51.155,51.03,51.055
51.05,51.075,50.912,50.925
50.961,50.961,50.83,50.918
50.933,51,50.9,50.985
51.17,51.17,51,51.05
51.06,51.1,50.991,51.065
51.035,51.035,50.87,50.88
50.865,50.89,50.72,50.724
50.708,50.708,50.547,50.63
50.63,50.8,50.592,50.7
50.705,50.84,50.705,50.79
50.82,50.949,50.788,50.935
50.985,51.025,50.877,50.92
50.923,51.08,50.907,51.01
51.02,51.147,51.02,51.12
51.142,51.173,50.963,51
50.985,50.985,50.778,50.81
50.822,50.868,50.747,50.805
50.875,51.065,50.875,51.022
51.02,51.115,51.013,51.081
51.178,51.285,51.15,51.195
51.198,51.26,51.025,51.05
51.065,51.065,50.9,50.96
50.943,51.005,50.903,51
50.963,51.08,50.945,51.003
50.997,51.072,50.965,51.01
51.037,51.153,51.037,51.114
51.111,51.175,51.012,51.15
51.2,51.2,51.099,51.135
51.147,51.253,51.135,51.245
51.175,51.345,51.157,51.318
51.324,51.473,51.324,51.44
51.47,51.572,51.415,51.465
51.435,51.522,51.325,51.35
51.305,51.443,51.305,51.378
51.378,51.453,51.34,51.445
51.51,51.613,51.369,51.415
51.43,51.48,51.36,51.4
51.335,51.348,51.19,51.3
51.305,51.388,51.305,51.343
51.325,51.432,51.325,51.362
51.37,51.438,51.37,51.4
51.425,51.485,51.372,51.47
51.487,51.542,51.445,51.503
51.55,51.583,51.47,51.482
51.5,51.513,51.425,51.445
51.475,51.568,51.46,51.51
51.515,51.542,51.465,51.505
51.525,51.525,51.44,51.475
51.475,51.61,51.47,51.575
51.63,51.76,51.63,51.713
51.683,51.77,51.66,51.76
51.73,51.783,51.678,51.755
51.74,51.783,51.72,51.755
51.825,51.852,51.75,51.82
51.82,51.843,51.75,51.76
51.725,51.735,51.63,51.72
51.71,51.74,51.63,51.63
51.605,51.605,51.487,51.49
51.497,51.535,51.41,51.41
51.4,51.4,51.25,51.285
51.3,51.338,51.14,51.21
51.312,51.375,51.275,51.31
51.307,51.315,51.252,51.28
51.225,51.233,51.15,51.2
51.17,51.363,51.17,51.335
51.35,51.483,51.34,51.46
51.46,51.47,51.26,51.305
51.28,51.343,51.229,51.27
51.25,51.325,51.206,51.265
51.3,51.355,51.233,51.24
51.255,51.265,51.088,51.245
51.255,51.325,51.209,51.21
51.215,51.215,51.115,51.205
51.2,51.215,51.07,51.115
51.11,51.218,51.105,51.18
51.175,51.24,51.088,51.125
51.125,51.17,51.017,51.03
51,51.013,50.862,50.895
50.906,50.938,50.847,50.875
50.825,50.852,50.733,50.825
50.812,50.983,50.791,50.98
50.935,51.2,50.844,50.975
51.013,51.013,50.79,50.79
50.845,50.888,50.76,50.8
50.763,50.825,50.71,50.75
50.73,50.73,50.595,50.65
50.628,50.656,50.562,50.62
50.62,50.66,50.538,50.65
50.625,50.684,50.597,50.675
50.645,50.74,50.618,50.725
50.69,50.758,50.655,50.71
50.66,50.757,50.625,50.63
50.615,50.656,50.515,50.52
50.52,50.52,50.338,50.375
50.364,50.375,50.312,50.36
50.325,50.46,50.325,50.37
50.37,50.37,50.24,50.27
50.32,50.386,50.281,50.297
50.298,50.378,50.232,50.28
50.325,50.608,50.325,50.53
50.528,50.678,50.503,50.665
50.645,50.653,50.518,50.57
50.583,50.685,50.549,50.623
50.67,50.74,50.618,50.64
50.653,50.735,50.618,50.7
50.753,50.822,50.701,50.715
50.685,50.772,50.638,50.65
50.69,50.71,50.52,50.53
50.525,50.583,50.478,50.49
50.48,50.48,50.297,50.355
50.375,50.375,50.288,50.365
50.345,50.473,50.327,50.455
50.452,50.53,50.407,50.507
50.5,50.53,50.418,50.47
50.495,50.513,50.438,50.48
50.475,50.48,50.338,50.41
50.395,50.483,50.377,50.46
50.537,50.562,50.428,50.479
50.465,50.498,50.405,50.45
50.42,50.473,50.349,50.43
50.42,50.513,50.377,50.469
50.47,50.54,50.395,50.505
50.47,50.51,50.39,50.39
50.37,50.37,50.269,50.3
50.275,50.333,50.258,50.295
50.15,50.236,50.1,50.23
50.248,50.268,50.157,50.225
50.205,50.35,50.165,50.27
50.265,50.308,50.119,50.14
50.015,50.065,49.948,49.99
49.997,50.056,49.96,50.04
49.91,49.983,49.85,49.93
49.915,50.03,49.875,50.02
49.925,50.013,49.888,50.01
50.007,50.022,49.877,49.92
49.8,49.925,49.795,49.89
49.89,49.89,49.797,49.81
49.85,49.938,49.85,49.895
49.868,49.882,49.797,49.815
49.825,49.83,49.693,49.72
49.747,49.87,49.737,49.86
49.865,49.932,49.803,49.89
49.9,50.153,49.9,50.14
50.14,50.27,50.13,50.26
50.24,50.343,50.239,50.295
50.34,50.432,50.278,50.35
50.375,50.448,50.351,50.395
50.415,50.423,50.323,50.385
50.395,50.444,50.357,50.39
50.32,50.32,50.243,50.285
50.278,50.393,50.274,50.39
50.35,50.39,50.29,50.338
50.32,50.423,50.303,50.37
50.4,50.48,50.368,50.435
50.41,50.54,50.393,50.498
50.545,50.695,50.5,50.695
50.66,50.79,50.66,50.723
50.715,50.78,50.668,50.775
50.763,50.843,50.735,50.805
50.73,50.772,50.597,50.61
50.618,50.763,50.618,50.73
50.7,50.913,50.7,50.9
50.873,50.908,50.81,50.835
50.82,51.108,50.797,51.085
51.07,51.158,51.034,51.11
51.09,51.095,50.948,51.005
51.015,51.12,50.923,50.97
50.88,50.923,50.73,50.783
50.765,50.865,50.717,50.81
50.825,50.965,50.825,50.872
50.85,50.92,50.792,50.855
50.85,51.093,50.85,51.02
51.022,51.208,51.022,51.185
51.275,51.505,51.275,51.415
51.432,51.489,51.356,51.42
51.425,51.466,51.258,51.295
51.275,51.36,51.242,51.295
51.335,51.579,51.31,51.53
51.53,51.595,51.484,51.59
51.6,51.767,51.6,51.65
51.66,51.7,51.449,51.46
51.513,51.682,51.478,51.49
51.48,51.545,51.4,51.51
51.588,51.663,51.485,51.575
51.573,51.58,51.1,51.47
51.438,51.438,51.168,51.195
51.21,51.268,51.04,51.13
51.228,51.413,51.168,51.4
51.36,51.4,51.278,51.315
51.66,51.795,51.558,51.6
51.608,51.635,51.421,51.46
51.515,51.703,51.479,51.64
51.632,51.785,51.632,51.755
51.823,51.953,51.823,51.843
51.845,52.003,51.845,51.99
52.035,52.113,51.949,52.01
52.015,52.131,51.918,52.13
52.14,52.14,51.51,52
52.015,52.075,51.948,51.997
52.31,52.425,52.23,52.425
52.425,52.462,52.32,52.37
52.327,52.327,52.15,52.25
52.265,52.3,52.165,52.24
52.215,52.22,52.051,52.115
52.145,52.188,52.06,52.115
52.11,52.153,52.039,52.1
52.093,52.184,52.08,52.125
51.925,51.967,51.82,51.882
51.847,51.953,51.847,51.9
51.788,51.877,51.75,51.86
51.855,51.893,51.818,51.86
51.925,52.073,51.925,52.048
52.04,52.083,52.028,52.03
52.09,52.15,52.011,52.045
52.057,52.11,51.976,52.11
52.1,52.103,51.977,51.98
51.982,52.05,51.91,51.92
51.955,51.955,51.785,51.917
51.887,51.91,51.838,51.9
51.85,51.96,51.82,51.96
51.95,52.033,51.95,52.01
51.91,52,51.815,51.958
51.978,52.035,51.955,52.005
52.04,52.11,51.972,51.975
52.013,52.013,51.955,51.98
51.97,52.043,51.97,52.007
52,52.05,51.977,52.04
52.062,52.136,52.06,52.1
52.075,52.1,52.04,52.04
51.95,52.07,51.915,52.062
52.042,52.08,51.997,52.05
52.005,52.062,51.975,52.04
52.033,52.065,52.02,52.04
52.04,52.078,52.009,52.037
52.037,52.115,52.023,52.08
52.075,52.127,52,52.06
52.052,52.075,52,52.035
52.025,52.112,51.983,52.02
51.988,52.05,51.921,51.935
51.925,52.485,51.02,52.062
52.077,52.115,52.053,52.105
52.115,52.145,52.081,52.11
52.068,52.153,52.062,52.09
52.1,52.125,52.015,52.07
52.11,52.145,52.058,52.145
52.115,52.19,52.06,52.15
52.188,52.212,52.14,52.195
52.232,52.393,52.213,52.315
52.32,52.394,52.305,52.385
52.415,52.415,52.265,52.295
52.315,52.333,52.21,52.235
52.17,52.223,52.13,52.182
52.188,52.345,52.167,52.338
52.37,52.386,52.215,52.23
52.25,52.295,52.15,52.17
52.192,52.192,52.105,52.16
52.135,52.175,52.001,52.01
52.07,52.17,51.943,52.05
52.042,52.083,51.98,52.03
51.975,52.072,51.975,52.023
52.051,52.155,52.03,52.12
52.115,52.165,52.057,52.131
52.114,52.173,52.062,52.12
52.1,52.165,52.008,52.075
52.077,52.12,52.01,52.077
52.035,52.043,51.955,52
52.013,52.022,51.941,51.995
51.945,51.975,51.895,51.96
51.955,51.98,51.917,51.95
52,52.049,51.955,52.025
52.03,52.057,51.985,52.018
52.05,52.06,51.952,51.985
51.997,52.003,51.916,51.935
51.93,52.045,51.905,52.025
52,52.12,52,52.09
52.06,52.1,52.028,52.075
52.088,52.118,52.04,52.05
52.115,52.14,52.05,52.088
52.094,52.12,52.06,52.075
52.075,52.092,52.016,52.062
52.075,52.13,52.025,52.1
52.125,52.173,52.092,52.11
52.1,52.15,52.075,52.081
52.085,52.202,52.085,52.155
52.166,52.275,52.128,52.25
52.38,52.38,52.26,52.284
52.281,52.336,52.23,52.295
52.26,52.31,52.195,52.308
52.283,52.38,52.283,52.327
52.26,52.28,52.2,52.237
52.265,52.265,52.15,52.168
51.96,52.025,51.945,51.96
51.925,51.995,51.89,51.98
51.665,51.77,51.665,51.76
51.75,51.79,51.73,51.76
51.86,51.9,51.818,51.857
51.885,51.935,51.86,51.865
51.905,51.943,51.86,51.87
51.865,51.9,51.685,51.7
51.67,51.7,51.54,51.585
51.583,51.7,51.583,51.67
51.65,51.81,51.62,51.785
51.81,51.925,51.81,51.9
51.85,51.963,51.827,51.945
51.932,51.933,51.85,51.85
51.89,52.05,51.89,51.99
51.995,52.055,51.95,52.02
51.95,52.015,51.857,51.86
51.875,51.95,51.75,51.92
51.92,52.127,51.9,52.09
52.12,52.221,52.11,52.19
52.35,52.511,52.35,52.49
52.515,52.515,52.25,52.3
52.405,52.405,52.235,52.27
52.285,52.308,52.215,52.29
52.29,52.29,52.18,52.26
52.25,52.353,52.25,52.28
52.275,52.365,52.24,52.33
52.35,52.375,52.285,52.35
52.35,52.452,52.34,52.43
52.448,52.493,52.41,52.472
52.388,52.397,52.27,52.32
52.31,52.36,52.195,52.243
52.3,52.43,52.228,52.39
52.375,52.49,52.34,52.45
52.475,52.605,52.445,52.55
52.525,52.6,52.47,52.55
52.51,52.645,52.5,52.575
52.588,52.725,52.585,52.71
52.622,52.67,52.473,52.51
52.53,52.55,52.455,52.5
52.53,52.648,52.505,52.59
52.6,52.675,52.575,52.64
52.647,52.767,52.647,52.69
52.67,52.705,52.6,52.61
52.565,52.65,52.48,52.515
52.507,52.6,52.48,52.54
52.55,52.65,52.533,52.61
52.605,52.635,52.545,52.55
52.555,52.59,52.5,52.555
52.55,52.637,52.55,52.58
52.54,52.626,52.52,52.53
52.545,52.57,52.4,52.4
52.4,52.41,52.325,52.38
52.39,52.43,52.33,52.39
52.385,52.497,52.36,52.46
52.445,52.518,52.43,52.49
52.49,52.683,52.49,52.655
52.653,52.725,52.64,52.695
52.725,52.943,52.725,52.91
52.895,52.963,52.895,52.925
52.982,53.135,52.975,53.085
53.088,53.262,53.075,53.232
53.25,53.37,53.25,53.335
53.327,53.39,53.265,53.275
53.525,53.53,53.4,53.44
53.42,53.51,53.42,53.49
53.458,53.458,53.31,53.325
53.352,53.5,53.352,53.46
53.32,53.46,53.3,53.445
53.46,53.5,53.35,53.463
53.385,53.455,53.348,53.39
53.433,53.512,53.38,53.46
53.425,53.478,53.32,53.417
53.417,53.418,53.23,53.29
53.35,53.432,53.32,53.42
53.43,53.467,53.41,53.45
53.408,53.46,53.348,53.435
53.433,53.518,53.38,53.47
53.495,53.55,53.42,53.45
53.465,53.503,53.43,53.485
53.515,53.56,53.488,53.53
53.53,53.56,53.482,53.53
53.51,53.52,53.37,53.37
53.385,53.401,53.29,53.325
53.4,53.425,53.335,53.4
53.425,53.455,53.382,53.43
53.465,53.505,53.425,53.449
53.439,53.465,53.361,53.366
53.365,53.4,53.28,53.365
53.357,53.425,53.34,53.36
53.4,53.452,53.36,53.42
53.41,53.445,53.385,53.43
53.443,53.48,53.4,53.42
53.4,53.43,53.345,53.42
53.418,53.418,53.315,53.365
53.363,53.425,53.335,53.4
53.413,53.505,53.335,53.475
53.438,53.53,53.425,53.47
53.52,53.553,53.47,53.515
53.507,53.55,53.485,53.505
53.525,53.56,53.49,53.515
53.507,53.553,53.495,53.51
53.465,53.51,53.41,53.49
53.495,53.548,53.49,53.51
53.525,53.558,53.49,53.528
53.507,53.555,53.505,53.53
53.54,53.545,53.468,53.47
53.49,53.49,53.38,53.39
53.41,53.482,53.41,53.46
53.495,53.548,53.479,53.5
53.5,53.545,53.487,53.52
53.535,53.557,53.45,53.54
53.507,53.563,53.5,53.53
53.55,53.55,53.48,53.51
53.43,53.488,53.385,53.455
53.455,53.51,53.455,53.485
53.545,53.562,53.485,53.488
53.497,53.525,53.417,53.435
53.42,53.443,53.307,53.395
53.388,53.405,53.34,53.37
53.3,53.385,53.26,53.35
53.345,53.468,53.345,53.442
53.44,53.513,53.32,53.375
53.354,53.385,53.28,53.294
53.3,53.335,53.21,53.3
53.275,53.305,53.175,53.222
53.165,53.235,53.14,53.165
53.162,53.183,53.077,53.097
53.05,53.16,53.027,53.115
53.135,53.17,53.05,53.08
53.015,53.037,52.935,53
53,53.118,52.955,53.095
53.125,53.207,53.09,53.135
53.112,53.167,53.077,53.15
53.06,53.158,53.04,53.06
53.045,53.1,52.839,52.855
52.825,52.935,52.825,52.93
52.93,53.025,52.917,53
52.96,53.07,52.913,53.02
53.035,53.098,53.02,53.08
53.08,53.15,53.022,53.115
53.132,53.195,53.075,53.09
53.12,53.17,53.085,53.1
53.1,53.21,53.1,53.135
53.15,53.375,53.137,53.336
53.311,53.387,53.29,53.37
53.5,53.518,53.42,53.44
53.47,53.48,53.38,53.415
53.45,53.552,53.435,53.515
53.528,53.53,53.463,53.475
53.485,53.5,53.393,53.43
53.43,53.511,53.375,53.44
53.395,53.465,53.38,53.4
53.42,53.431,53.357,53.405
53.415,53.42,53.35,53.38
53.395,53.43,53.368,53.39
53.38,53.417,53.34,53.39
53.39,53.453,53.365,53.438
53.45,53.525,53.435,53.49
53.475,53.51,53.458,53.49
53.5,53.535,53.465,53.505
53.49,53.515,53.44,53.465
53.343,53.425,53.325,53.391
53.385,53.403,53.305,53.308
53.35,53.443,53.33,53.4
53.42,53.488,53.415,53.46
53.425,53.467,53.393,53.45
53.44,53.49,53.41,53.43
53.5,53.53,53.435,53.485
53.493,53.503,53.445,53.475
53.512,53.55,53.472,53.496
53.473,53.518,53.445,53.47
53.475,53.56,53.475,53.54
53.55,53.569,53.52,53.535
53.533,53.56,53.498,53.55
53.565,53.58,53.525,53.562
53.53,53.82,53.518,53.79
53.772,53.82,53.761,53.798
53.8,53.975,53.8,53.955
53.923,53.975,53.6,53.73
53.75,53.873,53.75,53.85
53.83,53.94,53.83,53.88
53.935,53.97,53.903,53.945
53.93,53.95,53.86,53.94
53.94,54.011,53.897,54.011
53.99,54.153,53.96,54.13
54.05,54.062,53.927,54.003
54.02,54.103,54.015,54.07
54.05,54.073,53.975,54.017
54,54.035,53.955,53.97
54.175,54.228,54.075,54.214
54.226,54.285,54.09,54.11
54.125,54.195,54.05,54.105
54.088,54.17,54.065,54.075
54.06,54.13,54.025,54.08
54.045,54.08,53.97,53.99
53.95,54.05,53.905,54.05
54.065,54.11,54.035,54.075
54.025,54.085,53.975,53.995
53.987,54.074,53.945,54.04
54.083,54.245,54.083,54.21
54.215,54.285,54.197,54.23
54.275,54.34,54.23,54.33
54.32,54.365,54.305,54.315
54.3,54.31,54.23,54.257
54.278,54.336,54.25,54.325
54.275,54.305,54.185,54.22
54.24,54.29,54.225,54.23
54.15,54.16,54.074,54.095
54.1,54.113,54,54.02
54.015,54.125,54.015,54.08
54.085,54.145,54.08,54.11
54.215,54.275,54.163,54.25
54.255,54.29,54.23,54.25
54.25,54.29,54.168,54.21
54.235,54.262,54.145,54.19
54.213,54.405,54.213,54.39
54.375,54.435,54.31,54.33
54.375,54.375,54.257,54.28
54.27,54.3,54.225,54.24
54.245,54.29,54.175,54.28
54.27,54.305,54.14,54.2
54.14,54.228,54.1,54.22
54.25,54.257,54.159,54.24
54.22,54.235,54.15,54.185
54.167,54.2,54.12,54.18
54.2,54.285,54.2,54.245
54.225,54.26,54.15,54.18
54.098,54.125,54.03,54.09
54.085,54.15,54.065,54.13
54.13,54.21,54.105,54.158
54.147,54.19,54.045,54.09
54.035,54.098,54.03,54.067
54.062,54.09,53.955,53.97
53.935,53.945,53.86,53.92
53.915,53.955,53.84,53.9
53.9,54.06,53.9,53.95
53.975,54.037,53.955,53.965
54.01,54.05,53.845,53.853
53.838,53.85,53.685,53.7
53.75,53.833,53.66,53.69
53.69,53.803,53.63,53.8
53.8,53.92,53.8,53.91
53.9,53.923,53.79,53.815
53.787,53.814,53.685,53.73
53.735,53.768,53.7,53.725
53.775,53.84,53.755,53.77
53.775,53.81,53.75,53.8
53.75,53.8,53.71,53.75
53.75,53.772,53.635,53.64
53.568,53.64,53.533,53.61
53.6,53.65,53.56,53.56
53.6,53.675,53.59,53.63
53.63,53.631,53.537,53.59
53.54,53.585,53.505,53.522
53.548,53.548,53.495,53.535
53.265,53.32,53.232,53.25
53.245,53.305,53.22,53.22
53.195,53.278,53.115,53.12
53.125,53.125,53.025,53.025
52.97,53.108,52.9,52.91
52.905,52.98,52.9,52.95
52.913,52.915,52.525,52.595
52.58,52.635,52.475,52.57
52.613,53.002,52.613,52.935
52.905,52.985,52.89,52.965
53.04,53.203,52.98,53.2
53.2,53.315,53.195,53.295
53.295,53.315,53.08,53.09
53.09,53.17,53.06,53.1
53.06,53.1,52.98,53.02
53.015,53.137,53.015,53.108
53.025,53.045,52.86,52.86
52.865,52.912,52.796,52.805
52.753,52.761,52.63,52.637
52.595,52.74,52.595,52.715
52.722,52.722,52.56,52.645
52.66,52.66,52.55,52.57
52.55,52.645,52.53,52.565
52.565,52.59,52.38,52.39
52.423,52.61,52.423,52.542
52.542,52.542,52.341,52.35
52.205,52.338,52.162,52.33
52.315,52.432,52.31,52.42
52.375,52.485,52.33,52.33
52.32,52.46,52.309,52.45
52.4,52.478,52.35,52.378
52.417,52.417,52.35,52.35
52.503,52.57,52.445,52.493
52.475,52.622,52.425,52.605
52.613,52.72,52.567,52.625
52.618,52.66,52.51,52.585
52.472,52.518,52.355,52.36
52.36,52.45,52.289,52.45
52.34,52.415,52.315,52.357
52.322,52.355,52.265,52.32
52.56,52.608,52.485,52.505
52.527,52.58,52.51,52.53
52.785,52.82,52.63,52.765
52.725,52.772,52.665,52.745
52.74,52.855,52.698,52.8
52.795,52.91,52.705,52.76
52.645,52.7,52.6,52.6
52.64,52.74,52.615,52.71
52.715,52.805,52.715,52.795
52.775,52.835,52.77,52.802
52.84,52.915,52.83,52.855
52.845,52.875,52.765,52.78
52.695,52.78,52.635,52.67
52.673,52.735,52.64,52.725
52.665,52.665,52.58,52.616
52.605,52.645,52.58,52.64
52.665,52.75,52.645,52.725
52.74,52.915,52.737,52.89
53.02,53.075,52.955,52.965
52.97,53.035,52.94,52.982
53,53.015,52.907,52.95
52.965,53.075,52.95,53.07
53,53.07,52.97,53.015
53.03,53.12,53.025,53.073
53.11,53.25,53.11,53.17
53.18,53.215,53.052,53.1
53.11,53.225,52.985,53.015
53.01,53.04,52.85,52.86
52.835,52.94,52.68,52.69
52.688,52.715,52.645,52.67
52.69,52.69,52.525,52.58
52.545,52.615,52.545,52.58
52.58,52.641,52.52,52.59
52.605,52.605,52.51,52.515
52.53,52.73,52.518,52.71
52.685,52.728,52.635,52.65
52.6,52.652,52.53,52.555
52.53,52.58,52.51,52.525
52.45,52.45,52.295,52.324
52.33,52.44,52.32,52.38
52.4,52.49,52.385,52.48
52.48,52.495,52.42,52.47
52.4,52.43,52.333,52.375
52.367,52.435,52.345,52.35
52.287,52.287,52.12,52.153
52.13,52.23,52.13,52.225
52.25,52.34,52.175,52.18
52.155,52.215,52.133,52.14
52.175,52.22,52.11,52.2
52.22,52.292,52.188,52.26
52.2,52.215,52.122,52.153
52.145,52.175,52.005,52.03
52.15,52.202,52.09,52.175
52.195,52.228,52.125,52.13
52.16,52.283,52.122,52.255
52.245,52.47,52.24,52.41
52.41,52.52,52.363,52.475
52.49,52.56,52.485,52.515
52.525,52.798,52.525,52.798
52.81,52.84,52.7,52.805
52.77,52.905,52.745,52.895
52.895,53.04,52.868,52.98
52.948,52.948,52.713,52.75
52.725,52.775,52.705,52.75
52.68,52.8,52.625,52.763
52.78,52.871,52.77,52.87
52.85,52.914,52.7,52.72
52.73,52.745,52.537,52.54
52.555,52.555,52.38,52.425
52.43,52.585,52.43,52.57
52.55,52.57,52.485,52.515
52.51,52.51,52.41,52.448
52.43,52.44,52.303,52.355
52.342,52.37,52.3,52.37
52.28,52.305,52.138,52.154
52.149,52.149,52.075,52.12
52.107,52.31,52.1,52.255
52.245,52.31,52.195,52.23
52.26,52.372,52.25,52.35
52.345,52.445,52.345,52.408
52.338,52.355,52.27,52.31
52.295,52.345,52.245,52.253
52.25,52.365,52.25,52.31
52.29,52.31,52.195,52.25
52.186,52.24,52.1,52.11
52.12,52.165,52.067,52.075
52.025,52.145,51.925,51.98
51.985,52.14,51.96,52.13
52.208,52.275,52.17,52.223
52.183,52.195,52.07,52.09
52.055,52.055,51.91,51.95
51.955,52.158,51.955,52.12
52.13,52.25,52.13,52.223
52.22,52.405,52.2,52.375
52.365,52.475,52.27,52.45
52.455,52.5,52.425,52.433
52.45,52.45,52.3,52.347
52.335,52.38,52.327,52.34
52.35,52.385,52.278,52.32
52.33,52.36,52.21,52.21
52.185,52.185,52.1,52.127
52.127,52.14,52.035,52.07
52.037,52.081,51.97,51.98
52.005,52.15,52.005,52.125
52.169,52.25,52.145,52.17
52.148,52.155,52.04,52.045
51.96,52.06,51.925,52.054
52.06,52.11,52.025,52.025
52.015,52.043,51.95,51.975
51.98,52.06,51.895,51.905
51.815,51.86,51.765,51.787
51.772,51.775,51.7,51.71
51.85,51.863,51.74,51.788
51.78,51.81,51.693,51.71
51.79,51.845,51.685,51.765
51.77,51.79,51.695,51.72
51.763,52.165,51.763,52.131
52.15,52.26,52.132,52.25
52.25,52.42,52.243,52.28
52.245,52.28,52.14,52.173
52.2,52.25,52.128,52.135
52.143,52.185,52.114,52.16
52.227,52.355,52.22,52.237
52.272,52.38,52.235,52.25
52.25,52.268,52.17,52.225
52.24,52.24,52.175,52.21
52.13,52.435,52.113,52.4
52.43,52.735,52.43,52.715
52.675,52.875,52.585,52.83
52.81,52.826,52.535,52.585
52.55,52.685,52.515,52.635
52.595,52.645,52.52,52.615
52.603,52.765,52.6,52.685
52.715,52.735,52.62,52.665
52.675,52.725,52.59,52.69
52.7,52.705,52.632,52.66
52.655,52.85,52.64,52.765
52.808,52.857,52.77,52.85
52.925,52.96,52.851,52.897
52.895,52.915,52.79,52.8
52.735,52.9,52.71,52.83
52.82,52.885,52.75,52.75
52.7,52.712,52.541,52.575
52.545,52.545,52.315,52.335
52.498,52.66,52.49,52.55
52.545,52.565,52.485,52.52
52.465,52.5,52.375,52.428
52.413,52.48,52.405,52.445
52.513,52.61,52.513,52.575
52.568,52.66,52.56,52.62
52.685,52.855,52.64,52.732
52.708,52.805,52.708,52.76
52.76,52.76,52.655,52.668
52.628,52.63,52.445,52.51
52.5,52.595,52.453,52.501
52.486,52.604,52.486,52.514
52.49,52.57,52.482,52.525
52.495,52.505,52.43,52.45
52.43,52.43,52.215,52.228
52.26,52.26,52.055,52.089
52.125,52.165,52.01,52.05
52.048,52.215,52.02,52.215
52.29,52.351,52.135,52.15
52.152,52.18,52.09,52.12
52.19,52.237,52.13,52.19
52.195,52.23,52.092,52.145
52.105,52.115,51.96,51.98
51.98,52,51.903,51.91
51.91,51.93,51.82,51.845
51.827,51.88,51.815,51.833
52.02,52.09,51.855,51.91
51.92,51.935,51.745,51.77
51.819,51.819,51.647,51.708
51.682,51.712,51.635,51.65
51.63,51.752,51.63,51.713
51.697,51.778,51.695,51.775
51.77,51.89,51.735,51.88
51.885,51.9,51.745,51.775
51.775,52.06,51.74,52.055
52.055,52.105,51.962,52.04
52.125,52.24,52.095,52.22
52.205,52.34,52.19,52.23
52.221,52.365,52.21,52.23
52.21,52.213,52.13,52.14
52.13,52.218,52.071,52.167
52.162,52.196,52.132,52.185
52.11,52.16,52.05,52.07
52.04,52.135,52.04,52.112
52.075,52.185,51.978,52
51.993,52.13,51.915,51.915
51.825,51.885,51.74,51.862
51.848,51.935,51.83,51.87
51.865,51.97,51.865,51.917
51.9,51.938,51.842,51.86
52.045,52.085,51.96,51.97
51.955,51.985,51.923,51.935
51.985,52.015,51.868,51.929
51.894,51.943,51.845,51.87
52.025,52.075,51.948,52.045
52.06,52.122,52.015,52.11
52.15,52.325,52.14,52.239
52.219,52.35,52.219,52.295
52.275,52.275,52.13,52.181
52.188,52.215,52.095,52.125
52.385,52.435,52.35,52.353
52.345,52.455,52.345,52.442
52.41,52.436,52.32,52.342
52.35,52.38,52.285,52.35
52.345,52.425,52.325,52.375
52.4,52.539,52.38,52.485
52.54,52.572,52.44,52.535
52.545,52.655,52.515,52.64
52.62,52.698,52.561,52.68
52.685,52.702,52.57,52.59
52.6,52.615,52.518,52.553
52.57,52.605,52.455,52.495
52.485,52.5,52.42,52.465
52.47,52.555,52.47,52.54
52.46,52.555,52.46,52.5
52.49,52.53,52.485,52.5
52.475,52.52,52.39,52.44
52.37,52.37,52.155,52.175
52.175,52.175,52.065,52.153
52.158,52.233,52.158,52.225
52.2,52.31,52.175,52.294
52.278,52.32,52.25,52.305
52.325,52.428,52.31,52.368
52.362,52.431,52.35,52.35
52.35,52.381,52.173,52.177
52.168,52.208,52.16,52.189
52.18,52.29,52.175,52.26
52.3,52.3,52.16,52.17
52.175,52.175,51.96,51.995
52,52.06,51.91,51.92
51.745,51.81,51.693,51.79
51.81,51.817,51.71,51.79
51.773,51.84,51.75,51.778
51.775,51.781,51.73,51.74
51.73,51.74,51.665,51.72
51.73,52.045,51.7,52.04
52.05,52.125,51.99,52.11
52.11,52.188,52.097,52.11
52.107,52.107,51.965,51.965
51.975,51.98,51.83,51.855
51.943,51.985,51.927,51.955
51.92,51.92,51.835,51.865
51.875,51.923,51.834,51.885
51.908,52.03,51.9,52.02
52.035,52.132,52.03,52.09
52.075,52.215,52.075,52.15
52.15,52.2,52.08,52.135
52.135,52.145,51.995,52
51.87,51.959,51.83,51.905
51.88,51.91,51.845,51.86
51.793,51.813,51.695,51.76
51.725,51.73,51.55,51.65
51.588,51.626,51.394,51.475
51.51,51.585,51.46,51.557
51.5,51.558,51.425,51.515
51.5,51.5,51.39,51.4
51.335,51.378,51.275,51.36
51.37,51.427,51.362,51.37
51.363,51.57,51.363,51.555
51.535,51.545,51.49,51.51
51.45,51.452,51.335,51.385
51.385,51.4,51.275,51.28
51.21,51.28,51.15,51.22
51.255,51.26,51.198,51.235
51.245,51.29,51.06,51.09
51.1,51.2,51.04,51.05
51.2,51.2,51.095,51.175
51.16,51.175,51,51.11
51.155,51.248,51.12,51.132
51.162,51.235,51.14,51.195
51.18,51.19,51.033,51.118
51.11,51.145,51.095,51.14
51.135,51.208,51.098,51.165
51.16,51.21,51.159,51.185
51.263,51.363,51.26,51.323
51.32,51.38,51.31,51.33
51.325,51.37,51.285,51.345
51.315,51.33,51.26,51.315
51.4,51.435,51.35,51.435
51.45,51.48,51.448,51.471
51.315,51.335,51.209,51.23
51.215,51.24,51.18,51.19
51.162,51.248,51.145,51.185
51.18,51.205,51.075,51.14
51.15,51.155,51.055,51.07
51.065,51.08,51.014,51.018
51.025,51.045,50.89,50.915
50.905,50.98,50.883,50.91
50.95,51.1,50.87,51.1
51.085,51.17,51.062,51.14
51.115,51.115,50.99,50.997
50.995,51.02,50.935,50.965
50.985,51.015,50.91,50.955
50.972,51.07,50.972,51.05
51.05,51.14,51.033,51.11
51.115,51.145,51.052,51.075
51.207,51.29,51.178,51.265
51.285,51.285,51.158,51.18
51.103,51.183,51.07,51.092
51.11,51.153,51.055,51.11
51.195,51.217,51.13,51.14
51.135,51.173,51.043,51.055
51.015,51.06,50.934,51.031
51.02,51.105,51.02,51.105
51.025,51.06,50.99,51.03
51.035,51.07,50.855,50.855
50.835,50.905,50.81,50.84
50.825,50.92,50.82,50.9
51.005,51.148,50.975,51.145
51.112,51.223,51.09,51.2
51.25,51.425,51.229,51.348
51.393,51.485,51.265,51.44
51.453,51.855,51.453,51.833
51.817,51.83,51.705,51.785
52.145,52.145,51.912,51.912
51.908,51.995,51.875,51.96
52,52.28,52,52.245
52.203,52.375,52.17,52.323
52.325,52.393,52.145,52.155
52.195,52.2,52.025,52.05
51.945,51.975,51.848,51.925
51.915,51.943,51.83,51.89
52.125,52.173,52.08,52.132
52.127,52.48,52.127,52.46
52.065,52.25,52.065,52.22
52.185,52.325,52.12,52.3
52.35,52.57,52.35,52.502
52.5,52.62,52.465,52.58
52.513,52.6,52.405,52.41
52.405,52.458,52.354,52.44
52.35,52.39,52.261,52.293
52.268,52.336,52.26,52.31
52.275,52.46,52.275,52.408
52.405,52.405,52.278,52.295
52.255,52.284,52.145,52.27
52.285,52.318,52.221,52.27
52.225,52.37,52.225,52.32
52.315,52.325,52.26,52.27
52.427,52.465,52.36,52.385
52.393,52.398,52.255,52.305
52.275,52.288,52.21,52.28
52.27,52.34,52.26,52.321
52.365,52.395,52.32,52.363
52.385,52.385,52.179,52.18
52.185,52.19,52.11,52.157
52.152,52.173,52.034,52.05
52.19,52.195,52.089,52.141
52.125,52.175,52.07,52.105
52.2,52.29,52.188,52.285
52.274,52.37,52.268,52.345
52.25,52.27,52.165,52.19
52.165,52.231,51.92,51.935
51.925,51.935,51.81,51.91
51.879,52.025,51.83,52.01
51.95,52.06,51.895,51.945
51.97,51.973,51.844,51.905
51.875,51.905,51.768,51.794
51.809,51.882,51.775,51.865
51.9,51.97,51.85,51.938
51.943,52.042,51.943,51.985
52.025,52.211,51.98,52.164
52.14,52.18,52.116,52.14
52.11,52.11,51.915,51.915
51.952,52.012,51.892,51.948
51.915,51.93,51.78,51.825
51.815,51.965,51.778,51.965
52.138,52.31,52.125,52.255
52.268,52.36,52.19,52.28
52.3,52.405,52.295,52.34
52.33,52.33,52.224,52.255
52.325,52.325,52.17,52.235
52.21,52.23,52.156,52.21
52.25,52.35,52.248,52.256
52.236,52.263,52.18,52.18
52.21,52.27,52.138,52.16
52.115,52.115,51.94,51.96
51.96,52.101,51.935,52.07
52.09,52.227,52.065,52.185
52.125,52.248,52.1,52.227
52.218,52.25,52.153,52.21
52.16,52.308,52.16,52.265
52.265,52.275,52.19,52.21
52.265,52.265,52.115,52.115
52.13,52.183,52.06,52.11
52.113,52.167,52.044,52.044
52.018,52.018,51.855,51.875
51.86,51.9,51.732,51.77
51.775,51.873,51.77,51.83
51.81,51.944,51.75,51.925
51.917,52.02,51.875,51.93
51.9,51.96,51.85,51.89
51.91,52.01,51.91,51.97
51.945,52.03,51.938,51.97
51.945,51.945,51.808,51.815
51.787,51.788,51.629,51.69
51.69,51.78,51.629,51.74
51.71,51.886,51.71,51.848
51.868,51.932,51.83,51.86
51.85,51.905,51.775,51.798
51.755,51.791,51.695,51.78
51.812,51.915,51.77,51.815
51.785,51.827,51.755,51.79
51.815,51.815,51.64,51.64
51.655,51.705,51.64,51.645
51.637,51.64,51.465,51.54
51.507,51.613,51.507,51.59
51.6,51.605,51.425,51.469
51.475,51.57,51.47,51.565
51.54,51.66,51.5,51.658
51.673,51.673,51.58,51.65
51.625,51.74,51.625,51.705
51.682,51.708,51.555,51.593
51.51,51.55,51.458,51.485
51.465,51.505,51.405,51.405
51.36,51.405,51.28,51.372
51.375,51.38,51.295,51.315
51.205,51.265,51.18,51.185
51.18,51.21,51.09,51.1
51.058,51.23,51.043,51.215
51.175,51.245,51.125,51.19
51.245,51.295,51.175,51.215
51.185,51.185,50.975,50.975
51.01,51.06,50.915,51.04
51.055,51.28,51.055,51.24
51.215,51.33,51.215,51.251
51.21,51.3,51.115,51.14
51.075,51.185,51.075,51.12
51.125,51.18,51.08,51.088
51.1,51.108,51.02,51.052
51.035,51.113,50.985,51.083
51,51.095,51,51.048
51.042,51.06,50.88,50.9
50.89,50.89,50.73,50.75
50.745,50.785,50.698,50.765
50.555,50.59,50.455,50.465
50.467,50.535,50.4,50.51
50.525,50.625,50.475,50.499
50.525,50.525,50.41,50.42
50.475,50.575,50.45,50.575
50.6,50.71,50.578,50.61
50.61,50.7,50.545,50.577
50.552,50.577,50.405,50.495
50.49,50.55,50.448,50.45
50.455,50.56,50.455,50.49
50.55,50.69,50.55,50.68
50.655,50.89,50.655,50.86
50.815,50.925,50.72,50.85
50.82,50.82,50.645,50.73
50.785,50.955,50.78,50.881
50.875,50.89,50.815,50.82
50.965,50.97,50.767,50.839
50.805,50.845,50.673,50.68
50.625,50.65,50.545,50.577
50.54,50.665,50.54,50.645
50.65,50.65,50.57,50.61
50.615,50.685,50.592,50.661
50.84,50.84,50.755,50.793
50.808,50.9,50.737,50.9
50.9,51.03,50.9,50.933
51.008,51.011,50.865,50.87
50.92,51.035,50.91,50.935
50.925,50.98,50.827,50.885
50.875,50.875,50.713,50.785
50.768,50.845,50.75,50.8
50.8,50.85,50.735,50.817
50.808,50.81,50.745,50.77
50.778,50.81,50.66,50.783
50.768,50.915,50.74,50.9
50.862,50.928,50.815,50.872
50.895,50.9,50.795,50.8
50.8,50.86,50.767,50.81
50.78,50.78,50.695,50.705
50.68,50.75,50.68,50.74
50.725,50.89,50.72,50.81
50.875,50.875,50.78,50.83
50.848,51.097,50.838,51.08
51.11,51.13,51.007,51.03
51.07,51.083,50.933,50.951
51.115,51.15,51.025,51.04
51.028,51.065,50.962,51.02
50.935,50.97,50.835,50.868
50.87,50.87,50.775,50.775
50.775,50.793,50.728,50.76
50.77,50.795,50.72,50.755
50.825,50.875,50.8,50.82
50.83,50.84,50.76,50.77
50.757,50.835,50.71,50.725
50.72,50.749,50.69,50.706
50.725,50.79,50.682,50.79
50.808,50.86,50.765,50.83
50.775,50.785,50.705,50.739
50.729,50.747,50.69,50.716
50.488,50.625,50.445,50.59
50.585,50.647,50.57,50.635
50.555,50.645,50.555,50.576
50.55,50.67,50.55,50.643
50.615,50.632,50.59,50.594
50.584,50.627,50.584,50.61
50.61,50.63,50.548,50.615
50.612,50.663,50.575,50.64
50.64,50.66,50.603,50.626
50.611,50.673,50.611,50.637
50.645,50.748,50.613,50.73
50.7,50.875,50.7,50.825
50.775,50.855,50.75,50.834
50.819,50.92,50.81,50.81
50.763,50.763,50.675,50.71
50.698,50.856,50.665,50.834
50.76,50.943,50.755,50.802
50.805,50.815,50.633,50.65
50.6,50.703,50.57,50.644
50.664,50.717,50.664,50.684
50.665,51.03,50.655,50.998
51.02,51.089,50.995,51.077
51.1,51.315,51.085,51.19
51.225,51.285,50.92,50.945
50.944,51,50.765,50.79
50.765,50.88,50.715,50.76
50.902,51.232,50.82,50.9
50.93,50.93,50.72,50.75
50.66,50.735,50.52,50.66
50.685,50.695,50.588,50.66
50.7,50.767,50.653,50.725
50.71,50.735,50.63,50.735
50.38,50.569,50.37,50.485
50.535,50.638,50.535,50.585
50.63,50.751,50.63,50.728
50.748,50.751,50.676,50.745
50.655,50.737,50.625,50.693
50.715,50.889,50.68,50.685
50.854,50.98,50.811,50.85
50.845,50.96,50.845,50.901
50.87,51.04,50.83,50.83
50.85,50.971,50.825,50.97
50.901,51.1,50.901,50.995
51.01,51.065,50.978,51.01
51.012,51.083,50.853,50.885
50.89,50.96,50.875,50.905
50.92,50.99,50.9,50.943
50.96,51.047,50.96,50.98
51.025,51.025,50.863,50.899
50.879,50.879,50.805,50.81
50.88,50.94,50.825,50.865
50.859,50.859,50.808,50.835
50.875,50.92,50.815,50.829
50.83,50.835,50.732,50.757
50.72,50.783,50.685,50.757
50.768,50.868,50.743,50.84
50.88,50.915,50.833,50.87
50.92,51.013,50.91,50.985
50.965,50.975,50.823,50.875
50.875,50.895,50.82,50.83
50.863,51.05,50.863,51.025
51.015,51.015,50.8,50.8
50.835,50.86,50.72,50.753
50.755,50.778,50.717,50.77
50.75,50.888,50.73,50.812
50.848,50.92,50.825,50.91
50.897,50.897,50.75,50.751
50.761,50.792,50.73,50.77
50.783,50.858,50.75,50.787
50.8,50.8,50.737,50.758
50.815,50.875,50.762,50.772
50.772,50.793,50.739,50.78
50.745,50.765,50.665,50.705
50.67,50.735,50.665,50.7
50.645,50.645,50.527,50.555
50.565,50.608,50.538,50.57
50.54,50.595,50.423,50.449
50.458,50.528,50.45,50.51
50.575,50.575,50.42,50.52
50.51,50.59,50.5,50.57
50.568,50.621,50.515,50.548
50.545,50.61,50.525,50.565
50.625,50.667,50.57,50.575
50.545,50.65,50.545,50.65
50.613,50.651,50.553,50.555
50.56,50.561,50.522,50.553
50.6,50.685,50.565,50.668
50.643,50.678,50.579,50.59
50.618,50.781,50.618,50.74
50.745,50.955,50.745,50.95
50.95,51.07,50.93,50.963
50.958,51.026,50.955,50.963
51.027,51.125,50.995,51.005
51.02,51.053,51.015,51.042
51.028,51.037,50.934,50.951
50.981,51.028,50.793,50.816
50.803,50.924,50.803,50.91
50.916,51,50.904,50.904
50.945,51.073,50.771,50.815
50.805,50.805,50.633,50.64
50.658,50.734,50.59,50.705
50.716,50.771,50.698,50.7
50.683,50.683,50.553,50.584
50.604,50.626,50.55,50.557
50.553,50.632,50.553,50.628
50.612,50.63,50.577,50.593
50.638,50.763,50.635,50.757
50.753,50.774,50.618,50.644
50.69,50.695,50.565,50.628
50.643,50.665,50.585,50.585
50.575,50.583,50.48,50.48
50.478,50.54,50.472,50.51
50.455,50.51,50.455,50.488
50.521,50.55,50.51,50.542
50.62,50.989,50.618,50.897
50.905,51.055,50.83,50.85
51.25,51.3,51.115,51.275
51.28,51.3,50.868,51.018
51.05,51.21,50.985,51.053
51.093,51.49,51.08,51.49
51.775,51.823,51.05,51.095
51.095,51.232,50.938,51.13
51.344,51.344,51.075,51.275
51.312,51.388,51.075,51.1
51.13,51.193,50.858,50.858
50.882,50.91,50.753,50.88
51.115,51.359,51.062,51.32
51.315,51.315,51.198,51.315
51.213,51.213,50.995,51.165
51.16,51.173,50.943,50.943
50.927,51.083,50.812,51.025
51.047,51.235,51.01,51.185
51.263,51.275,50.975,51.1
51.075,51.125,51.047,51.117
50.889,50.925,50.848,50.888
50.9,51.035,50.853,51.025
51.055,51.085,50.973,51.075
51.085,51.085,50.935,50.935
51,51,50.725,50.764
50.754,50.754,50.69,50.699
50.65,50.838,50.65,50.838
50.825,50.91,50.813,50.91
50.895,51.01,50.845,50.875
50.855,50.9,50.811,50.86
50.883,50.883,50.724,50.75
50.734,50.807,50.72,50.728
50.73,50.84,50.668,50.755
50.768,50.802,50.726,50.737
50.574,50.788,50.569,50.755
50.754,50.763,50.68,50.688
50.625,50.685,50.625,50.675
50.634,50.634,50.598,50.603
50.568,50.668,50.562,50.624
50.644,50.645,50.617,50.617
50.65,50.69,50.549,50.625
50.64,50.64,50.611,50.634
50.59,50.657,50.59,50.618
50.618,50.619,50.61,50.61
50.708,50.723,50.655,50.711
50.724,50.781,50.715,50.781
50.742,50.86,50.725,50.849
50.837,50.913,50.835,50.908
50.89,50.985,50.84,50.847
50.842,50.842,50.765,50.778
50.815,50.885,50.781,50.838
50.84,50.84,50.795,50.798
50.815,50.872,50.81,50.815
50.818,50.825,50.8,50.8
50.75,50.763,50.683,50.722
50.7,50.7,50.678,50.68
50.708,50.753,50.698,50.737
50.75,50.841,50.74,50.835
50.773,50.795,50.737,50.754
50.744,50.748,50.704,50.708
50.644,50.721,50.644,50.678
50.677,50.704,50.673,50.673
50.66,50.675,50.561,50.585
50.562,50.562,50.51,50.515
50.417,50.489,50.417,50.453
50.436,50.458,50.415,50.42
50.523,50.586,50.523,50.568
50.565,50.61,50.561,50.61
50.605,50.605,50.495,50.524
50.518,50.55,50.518,50.528
50.603,50.63,50.512,50.535
50.535,50.541,50.455,50.47
50.54,50.545,50.475,50.485
50.483,50.575,50.478,50.57
50.515,50.522,50.425,50.425
50.416,50.455,50.416,50.438
50.475,50.475,50.315,50.345
50.368,50.368,50.31,50.311
50.358,50.393,50.35,50.362
50.344,50.353,50.283,50.323
50.312,50.312,50.267,50.296
50.29,50.295,50.263,50.269
50.252,50.4,50.252,50.398
50.383,50.458,50.383,50.458
50.445,50.641,50.44,50.62
50.61,50.74,50.585,50.74
50.752,50.855,50.675,50.827
50.863,50.906,50.848,50.895
50.845,50.853,50.772,50.808
50.799,50.799,50.71,50.71
50.708,50.766,50.62,50.713
50.723,50.735,50.66,50.685
50.64,50.64,50.54,50.575
50.573,50.625,50.573,50.615
50.665,50.768,50.665,50.738
50.743,50.795,50.713,50.713
50.69,50.693,50.61,50.61
50.625,50.625,50.537,50.544
50.513,50.665,50.47,50.635
50.655,50.668,50.598,50.665
50.658,50.76,50.65,50.748
50.75,50.77,50.7,50.705
50.623,50.648,50.555,50.583
50.588,50.61,50.559,50.605
50.53,50.541,50.411,50.423
50.417,50.425,50.328,50.331
50.307,50.4,50.267,50.298
50.305,50.36,50.292,50.35
50.17,50.226,50.162,50.173
50.169,50.19,50.105,50.109
49.958,50.022,49.94,50
50.002,50.005,49.939,49.99
50.01,50.04,49.842,49.845
49.853,49.862,49.811,49.815
49.805,49.925,49.8,49.836
49.84,49.955,49.84,49.93
49.915,49.995,49.9,49.96
49.957,49.975,49.93,49.942
50.005,50.07,49.88,49.935
49.917,49.917,49.835,49.866
49.824,49.985,49.818,49.985
50.01,50.185,50.01,50.185
50.22,50.31,50.196,50.25
50.275,50.38,50.27,50.358
50.213,50.253,50.07,50.1
50.09,50.1,50.045,50.055
50.103,50.19,50.103,50.16
50.146,50.146,50.03,50.035
50.05,50.065,49.973,50.016
49.991,50.173,49.991,50.165
50.145,50.21,50.14,50.143
50.143,50.143,50.065,50.065
50.08,50.085,50.035,50.077
50.077,50.135,50.07,50.135
50.085,50.245,50.083,50.223
50.209,50.209,50.153,50.176
50.12,50.122,50.045,50.088
50.085,50.085,49.978,49.983
49.985,50.05,49.965,50.04
50.033,50.043,49.98,50.015
50.004,50.004,49.896,49.905
49.916,49.941,49.915,49.933
49.9,49.94,49.815,49.888
49.864,49.868,49.839,49.865
49.838,49.845,49.75,49.792
49.802,49.833,49.794,49.822
49.8,49.839,49.77,49.804
49.814,49.861,49.814,49.829
49.875,49.875,49.748,49.8
49.799,49.8,49.74,49.75
49.795,49.795,49.575,49.595
49.59,49.592,49.564,49.566
49.478,49.558,49.46,49.46
49.418,49.432,49.383,49.384
49.35,49.46,49.325,49.398
49.398,49.533,49.373,49.533
49.577,49.63,49.475,49.485
49.518,49.53,49.484,49.495
49.467,49.486,49.388,49.403
49.397,49.438,49.391,49.414
49.475,49.515,49.451,49.475
49.505,49.52,49.468,49.483
49.57,49.57,49.377,49.42
49.405,49.443,49.384,49.443
49.475,49.574,49.475,49.565
49.558,49.563,49.518,49.54
49.537,49.537,49.427,49.479
49.473,49.489,49.47,49.487
49.49,49.555,49.475,49.535
49.535,49.59,49.535,49.548
49.502,49.56,49.432,49.459
49.445,49.456,49.415,49.443
49.427,49.452,49.403,49.415
49.412,49.412,49.372,49.382
49.35,49.35,49.272,49.315
49.322,49.4,49.322,49.394
49.365,49.37,49.305,49.349
49.354,49.373,49.351,49.37
49.455,49.467,49.39,49.403
49.393,49.405,49.37,49.375
49.445,49.445,49.323,49.345
49.351,49.363,49.326,49.334
49.32,49.335,49.165,49.226
49.235,49.26,49.186,49.254
49.16,49.246,49.13,49.233
49.216,49.27,49.198,49.198
49.21,49.235,49.188,49.216
49.21,49.234,49.194,49.199
49.085,49.126,49.07,49.083
49.092,49.181,49.091,49.153
49.13,49.182,49.074,49.09
49.084,49.095,49.073,49.09
49.103,49.13,49.082,49.105
49.109,49.113,49.096,49.101
49.048,49.079,49.034,49.065
49.05,49.074,49.04,49.074
49.063,49.081,49.045,49.065
49.05,49.06,49.02,49.055
49.067,49.1,49.061,49.094
49.073,49.088,49.044,49.044
49.065,49.08,49.041,49.045
49.043,49.044,49.014,49.017
49.05,49.062,48.941,48.975
48.975,48.985,48.935,48.94
49.007,49.007,48.92,48.955
48.96,48.99,48.938,48.938
48.95,48.95,48.873,48.895
48.9,48.905,48.848,48.848
48.843,48.851,48.79,48.792
48.789,48.789,48.75,48.755
48.748,48.748,48.668,48.675
48.679,48.703,48.676,48.695
48.645,48.66,48.608,48.63
48.631,48.631,48.611,48.616
48.583,48.603,48.538,48.563
48.565,48.586,48.561,48.563
48.58,48.664,48.58,48.646
48.64,48.705,48.64,48.684
48.61,48.675,48.61,48.655
48.648,48.65,48.62,48.63
48.612,48.618,48.502,48.505
48.507,48.51,48.5,48.501
48.502,48.54,48.5,48.525
48.519,48.533,48.519,48.523
48.565,48.673,48.56,48.666
48.658,48.666,48.626,48.63
48.62,48.62,48.455,48.456
48.456,48.51,48.45,48.507
48.472,48.488,48.441,48.483
48.489,48.533,48.475,48.497
48.513,48.623,48.505,48.605
48.597,48.599,48.533,48.54
48.54,48.592,48.482,48.51
48.513,48.583,48.513,48.583
48.605,48.62,48.555,48.595
48.58,48.615,48.56,48.615
48.588,48.624,48.561,48.624
48.635,48.668,48.631,48.668
48.67,48.675,48.635,48.641
48.64,48.641,48.549,48.556
48.575,48.625,48.575,48.612
48.606,48.658,48.605,48.65
48.63,48.635,48.558,48.568
48.562,48.575,48.562,48.575
48.585,48.585,48.52,48.542
48.54,48.55,48.534,48.548
48.558,48.567,48.503,48.524
48.514,48.524,48.51,48.512
48.48,48.48,48.42,48.431
48.421,48.428,48.408,48.41
48.435,48.44,48.365,48.381
48.38,48.385,48.375,48.377
48.373,48.5,48.363,48.495
48.478,48.52,48.478,48.52
48.482,48.482,48.37,48.385
48.393,48.394,48.378,48.388
48.447,48.447,48.353,48.356
48.356,48.397,48.35,48.373
48.423,48.463,48.421,48.45
48.448,48.469,48.445,48.467
48.51,48.535,48.467,48.507
48.517,48.522,48.475,48.482
48.553,48.591,48.516,48.527
48.537,48.571,48.525,48.568
48.543,48.568,48.438,48.474
48.464,48.496,48.459,48.47
48.448,48.475,48.42,48.467
48.471,48.515,48.471,48.5
48.408,48.47,48.408,48.45
48.435,48.505,48.435,48.505
48.427,48.433,48.388,48.41
48.425,48.495,48.418,48.487
48.438,48.511,48.421,48.495
48.495,48.495,48.443,48.448
48.445,48.471,48.428,48.46
48.465,48.5,48.464,48.477
48.525,48.536,48.423,48.425
48.426,48.433,48.396,48.405
48.4,48.416,48.335,48.385
48.388,48.415,48.38,48.393
48.427,48.483,48.427,48.465
48.45,48.455,48.38,48.387
48.455,48.455,48.363,48.376
48.36,48.393,48.35,48.359
48.347,48.381,48.285,48.296
48.286,48.32,48.286,48.314
48.34,48.393,48.338,48.384
48.381,48.44,48.361,48.44
48.482,48.588,48.482,48.555
48.545,48.56,48.503,48.533
48.613,48.665,48.585,48.585
48.59,48.638,48.569,48.635
48.61,48.67,48.56,48.653
48.633,48.68,48.616,48.678
48.708,48.708,48.618,48.642
48.633,48.648,48.61,48.63
48.645,48.67,48.535,48.639
48.632,48.632,48.577,48.604
48.533,48.603,48.524,48.574
48.567,48.631,48.567,48.62
48.565,48.623,48.525,48.594
48.588,48.616,48.57,48.59
48.588,48.624,48.554,48.6
48.603,48.604,48.579,48.596
48.653,48.658,48.544,48.565
48.559,48.574,48.475,48.486
48.4,48.435,48.371,48.393
48.402,48.408,48.38,48.397
48.395,48.47,48.38,48.438
48.43,48.435,48.377,48.381
48.363,48.376,48.337,48.365
48.355,48.4,48.353,48.38
48.373,48.43,48.36,48.4
48.399,48.399,48.385,48.39
48.4,48.415,48.366,48.41
48.401,48.423,48.396,48.405
48.378,48.395,48.354,48.388
48.393,48.418,48.385,48.412
48.35,48.443,48.35,48.393
48.373,48.39,48.364,48.39
48.368,48.38,48.325,48.335
48.339,48.347,48.311,48.315
48.257,48.295,48.257,48.265
48.263,48.264,48.228,48.234
48.168,48.193,48.115,48.121
48.129,48.14,48.114,48.14
48.189,48.263,48.184,48.24
48.25,48.273,48.25,48.273
48.333,48.333,48.265,48.267
48.29,48.29,48.25,48.26
48.443,48.483,48.225,48.26
48.255,48.275,48.205,48.21
48.27,48.27,48.144,48.18
48.173,48.22,48.168,48.217
48.213,48.25,48.204,48.24
48.245,48.26,48.24,48.247
48.258,48.29,48.258,48.271
48.259,48.261,48.23,48.23
48.258,48.298,48.246,48.293
48.313,48.335,48.295,48.315
48.327,48.327,48.24,48.261
48.268,48.268,48.215,48.222
48.213,48.215,48.167,48.188
48.185,48.215,48.185,48.206
48.213,48.229,48.171,48.18
48.17,48.17,48.14,48.147
48.173,48.185,48.08,48.108
48.098,48.14,48.098,48.134
48.12,48.12,48.096,48.115
48.107,48.111,48.077,48.1
48.087,48.13,48.073,48.074
48.074,48.085,48.055,48.08
48.115,48.15,48.103,48.112
48.112,48.112,48.046,48.051
48.05,48.058,48.028,48.037
48.039,48.055,48.039,48.05
48.055,48.06,48.036,48.044
48.04,48.059,48.038,48.045
48.048,48.048,48.029,48.035
48.036,48.045,48.023,48.035
48.073,48.073,48.058,48.058
48.056,48.086,48.056,48.08
48.123,48.128,48.056,48.061
48.06,48.061,48.039,48.053
48.105,48.105,48.049,48.055
48.06,48.082,48.059,48.071
48.068,48.083,48.055,48.075
48.068,48.08,48.068,48.073
48.128,48.128,48.054,48.059
48.056,48.059,48.045,48.048
48.07,48.07,48.049,48.069
48.068,48.068,48.06,48.063
48.064,48.065,48.055,48.055
48.055,48.066,48.049,48.066
48.049,48.081,48.043,48.059
48.057,48.063,48.042,48.048
48.068,48.068,48.05,48.06
48.058,48.08,48.04,48.079
48.12,48.12,48.044,48.064
48.06,48.081,48.055,48.076
48.088,48.097,48.069,48.094
48.094,48.126,48.094,48.101
48.075,48.08,48.056,48.064
48.059,48.075,48.048,48.067
48.012,48.04,48.012,48.032
48.031,48.06,48.005,48.055
48.018,48.045,48.015,48.015
48.019,48.031,48.019,48.027
48.02,48.048,48.02,48.025
48.025,48.025,48.015,48.019
48.011,48.055,48.011,48.037
48.029,48.067,48.029,48.067
48.033,48.078,48.033,48.06
48.051,48.062,48.033,48.04
48.043,48.06,48.039,48.045
48.04,48.07,48.04,48.07
48.109,48.115,48.067,48.068
48.073,48.084,48.045,48.081
48.053,48.127,48.053,48.077
48.073,48.095,48.07,48.095
48.077,48.085,48.063,48.066
48.06,48.066,48.048,48.051
48.038,48.054,48.033,48.05
48.041,48.065,48.041,48.065
48.046,48.08,48.042,48.064
48.051,48.068,48.051,48.067
48.056,48.061,48.045,48.045
48.043,48.066,48.043,48.065
48.028,48.073,48.028,48.068
48.056,48.07,48.056,48.069
48.033,48.078,48.033,48.074
48.064,48.08,48.06,48.077
48.026,48.048,48.026,48.041
48.035,48.06,48.035,48.058
48.026,48.058,48.026,48.049
48.041,48.055,48.033,48.05
48.033,48.076,48.028,48.075
48.055,48.098,48.05,48.088
48.118,48.118,48.054,48.054
48.05,48.075,48.05,48.069
48.079,48.079,48.042,48.063
48.066,48.083,48.058,48.079
48.064,48.084,48.056,48.07
48.06,48.092,48.06,48.083
48.14,48.14,48.098,48.122
48.124,48.145,48.11,48.113
48.079,48.133,48.071,48.071
48.07,48.084,48.07,48.077
48.085,48.092,48.043,48.066
48.059,48.079,48.055,48.067
48.066,48.068,48.046,48.055
48.052,48.069,48.05,48.053
48.025,48.041,48.018,48.024
48.024,48.056,48.018,48.018
48.034,48.092,48.029,48.088
48.075,48.093,48.075,48.078
48.065,48.11,48.065,48.085
48.075,48.085,48.073,48.073
48.064,48.065,48.04,48.048
48.04,48.052,48.04,48.048
48.048,48.052,48.037,48.046
48.03,48.051,48.03,48.049
48.042,48.048,48.037,48.048
48.041,48.041,48.034,48.037
48.042,48.045,48.028,48.032
48.028,48.047,48.023,48.045
48.057,48.436,47.441,47.944
47.931,48.176,47.925,47.934
47.96,48.004,47.721,47.992
47.983,48.229,47.97,48.225
48.388,48.45,48.281,48.37
48.385,48.43,48.293,48.385
48.445,48.463,48.302,48.405
48.425,48.498,48.424,48.497
48.5,48.5,48.395,48.457
48.467,48.467,48.425,48.453
48.445,48.61,48.44,48.603
48.645,48.697,48.595,48.695
48.748,48.755,48.66,48.68
48.651,48.725,48.64,48.65
48.72,48.72,48.573,48.685
48.71,48.737,48.592,48.612
48.662,48.725,48.645,48.69
48.703,48.72,48.497,48.565
48.597,48.665,48.558,48.665
48.68,48.68,48.545,48.592
48.725,48.725,48.525,48.542
48.541,48.56,48.511,48.558
48.566,48.6,48.465,48.572
48.653,48.653,48.48,48.49
48.613,48.613,48.493,48.585
48.66,48.66,48.54,48.625
48.675,48.688,48.552,48.56
48.642,48.642,48.53,48.57
48.533,48.605,48.533,48.551
48.551,48.576,48.52,48.57
48.715,48.725,48.389,48.528
48.509,48.555,48.475,48.485
48.525,48.61,48.429,48.605
48.605,48.66,48.48,48.609
48.555,48.58,48.47,48.513
48.511,48.55,48.473,48.51
48.463,48.467,48.37,48.423
48.41,48.49,48.403,48.46
48.438,48.518,48.431,48.482
48.506,48.554,48.506,48.545
48.53,48.568,48.507,48.549
48.539,48.653,48.539,48.643
48.69,48.69,48.603,48.65
48.692,48.736,48.642,48.728
48.647,48.718,48.628,48.71
48.719,48.721,48.685,48.685
48.688,48.698,48.675,48.684
48.714,48.714,48.62,48.627
48.577,48.618,48.567,48.581
48.58,48.582,48.566,48.574
48.555,48.62,48.55,48.616
48.607,48.64,48.607,48.635
48.658,48.69,48.658,48.671
48.668,48.683,48.66,48.668
48.65,48.653,48.633,48.648
48.648,48.662,48.567,48.577
48.555,48.586,48.54,48.565
48.568,48.568,48.482,48.502
48.475,48.505,48.47,48.475
48.479,48.483,48.425,48.43
48.425,48.461,48.41,48.428
48.426,48.555,48.413,48.545
48.537,48.561,48.514,48.54
48.55,48.59,48.516,48.533
48.562,48.57,48.49,48.539
48.582,48.63,48.564,48.622
48.595,48.598,48.565,48.573
48.572,48.576,48.319,48.573
48.52,48.551,48.52,48.546
48.557,48.618,48.557,48.596
48.575,48.65,48.57,48.595
48.602,48.602,48.515,48.54
48.562,48.579,48.54,48.57
48.564,48.569,48.54,48.566
48.55,48.565,48.525,48.55
48.567,48.576,48.548,48.556
48.53,48.53,48.479,48.479
48.479,48.498,48.465,48.493
48.431,48.51,48.431,48.49
48.486,48.493,48.439,48.445
48.462,48.462,48.363,48.385
48.374,48.398,48.35,48.385
48.375,48.42,48.37,48.414
48.405,48.42,48.36,48.36
48.323,48.34,48.271,48.294
48.283,48.327,48.283,48.315
48.327,48.408,48.32,48.4
48.403,48.45,48.385,48.44
48.357,48.419,48.357,48.399
48.413,48.42,48.4,48.41
48.44,48.44,48.372,48.388
48.379,48.395,48.376,48.384
48.323,48.343,48.301,48.34
48.357,48.405,48.345,48.393
48.313,48.424,48.313,48.42
48.405,48.432,48.39,48.39
48.42,48.455,48.41,48.434
48.436,48.475,48.433,48.471
48.46,48.465,48.397,48.414
48.403,48.405,48.295,48.295
48.318,48.318,48.121,48.127
48.133,48.155,48.083,48.124
48.113,48.132,48.1,48.11
48.097,48.13,48.025,48.048
48.015,48.071,48.015,48.055
48.044,48.06,48.025,48.037
48.022,48.025,47.959,47.995
47.987,48.133,47.987,48.033
47.998,48.025,47.969,47.997
47.997,47.997,47.938,47.97
47.94,47.94,47.877,47.905
47.899,47.936,47.873,47.873
47.87,47.87,47.793,47.836
47.829,47.868,47.821,47.868
47.859,47.921,47.845,47.868
47.863,47.882,47.818,47.823
47.86,47.864,47.79,47.856
47.853,47.858,47.813,47.817
47.842,47.86,47.82,47.842
47.845,47.845,47.776,47.814
47.8,47.823,47.792,47.807
47.809,47.86,47.809,47.857
47.88,47.9,47.865,47.873
47.883,47.883,47.811,47.815
47.769,47.847,47.769,47.791
47.787,47.887,47.787,47.887
47.87,47.97,47.853,47.936
47.924,47.952,47.88,47.948
47.883,47.921,47.85,47.915
47.903,47.96,47.885,47.953
47.897,48.058,47.897,48.035
48.025,48.079,48.025,48.07
47.995,48.113,47.995,48.081
48.108,48.15,48.068,48.143
48.149,48.175,48.105,48.125
48.101,48.161,48.097,48.155
48.135,48.185,48.08,48.085
48.075,48.075,47.98,47.996
47.984,47.985,47.857,47.88
47.873,47.906,47.79,47.81
47.8,47.8,47.69,47.72
47.72,47.74,47.69,47.7
47.64,47.678,47.615,47.677
47.674,47.765,47.674,47.76
47.75,47.84,47.75,47.835
47.845,47.865,47.818,47.823
47.757,47.823,47.757,47.781
47.789,47.833,47.789,47.83
47.882,47.882,47.78,47.805
47.807,47.818,47.729,47.739
47.76,47.76,47.685,47.7
47.665,47.689,47.653,47.66
47.647,47.715,47.64,47.697
47.69,47.73,47.688,47.716
47.708,47.756,47.708,47.736
47.731,47.763,47.731,47.735
47.715,47.74,47.693,47.735
47.743,47.772,47.743,47.76
47.74,47.74,47.685,47.695
47.691,47.729,47.691,47.7
47.758,47.865,47.75,47.865
47.85,47.897,47.842,47.895
47.893,47.969,47.88,47.937
47.952,48.038,47.949,48.03
48.12,48.175,48.041,48.147
48.13,48.13,48.08,48.085
48.285,48.44,48.259,48.415
48.405,48.445,48.315,48.39
48.4,48.415,48.338,48.372
48.365,48.44,48.338,48.435
48.47,48.695,48.455,48.685
48.688,48.72,48.656,48.692
48.735,48.761,48.673,48.713
48.721,48.721,48.67,48.69
48.692,48.848,48.675,48.818
48.825,48.844,48.768,48.795
48.755,48.91,48.735,48.851
48.855,48.882,48.74,48.74
48.66,48.66,48.51,48.525
48.534,48.534,48.467,48.483
48.539,48.628,48.491,48.615
48.611,48.683,48.6,48.653
48.597,48.66,48.46,48.54
48.52,48.531,48.48,48.51
48.563,48.765,48.553,48.706
48.73,48.81,48.67,48.81
48.89,49.065,48.89,49.065
49.095,49.123,49.041,49.115
49.193,49.26,49.093,49.11
49.105,49.188,49.085,49.188
49.095,49.288,49.09,49.284
49.283,49.325,49.235,49.245
49.287,49.46,49.26,49.435
49.455,49.497,49.418,49.497
49.75,49.89,49.72,49.765
49.797,49.83,49.76,49.805
49.852,49.958,49.8,49.827
49.829,49.935,49.82,49.88
49.95,50.156,49.929,50.05
50.03,50.123,50.029,50.075
50,50.155,49.98,50.105
50.085,50.129,50.085,50.127
50.088,50.263,50.088,50.182
50.175,50.188,49.94,50.005
50,50.165,50,50.165
50.2,50.32,50.195,50.305
50.305,50.42,50.16,50.195
50.163,50.247,50.1,50.215
50.196,50.24,50.158,50.175
50.147,50.243,50.147,50.24
50.363,50.485,50.36,50.475
50.48,50.496,50.33,50.343
50.358,50.4,50.2,50.365
50.4,50.41,50.345,50.37
50.239,50.32,50.224,50.265
50.255,50.255,50.12,50.143
50.125,50.325,50.085,50.325
50.32,50.338,50.27,50.33
50.237,50.41,50.214,50.335
50.335,50.38,50.28,50.34
50.318,50.331,50.27,50.318
50.317,50.415,50.295,50.413
50.472,50.49,50.365,50.405
50.39,50.432,50.38,50.393
50.318,50.385,50.29,50.341
50.33,50.355,50.313,50.32
50.293,50.337,50.18,50.215
50.222,50.252,50.02,50.02
49.952,50.045,49.905,50.033
50.03,50.04,49.915,49.92
49.858,49.979,49.849,49.86
49.841,49.841,49.615,49.615
49.762,49.83,49.678,49.678
49.673,49.775,49.605,49.765
49.845,50.115,49.765,50.1
50.115,50.364,50.115,50.255
50.168,50.46,50.168,50.21
50.22,50.435,50.22,50.405
50.45,50.458,50.32,50.325
50.32,50.41,50.32,50.39
50.465,50.465,50.355,50.385
50.419,50.419,50.345,50.403
50.482,50.482,50.37,50.415
50.441,50.472,50.4,50.41
50.445,50.49,50.34,50.358
50.406,50.463,50.396,50.405
50.48,50.48,50.364,50.43
50.44,50.47,50.42,50.468
50.5,50.504,50.45,50.495
50.491,50.66,50.488,50.638
50.667,50.667,50.55,50.6
50.565,50.618,50.348,50.4
50.45,50.45,50.27,50.378
50.368,50.435,50.333,50.421
50.49,50.562,50.395,50.538
50.525,50.615,50.525,50.555
50.48,50.595,50.315,50.332
50.317,50.391,50.317,50.382
50.4,50.408,50.175,50.215
50.23,50.286,50.228,50.26
50.245,50.245,50.113,50.16
50.147,50.166,50.08,50.13
50.13,50.163,50.055,50.13
50.115,50.128,49.865,49.885
49.86,50.07,49.752,50.05
50.042,50.08,49.96,49.985
50.014,50.145,49.975,49.987
49.993,49.993,49.93,49.95
49.87,49.87,49.745,49.78
49.75,49.763,49.66,49.75
49.695,50.071,49.695,50.063
50.03,50.085,49.99,50.085
50.05,50.12,49.925,49.96
49.958,50.02,49.875,49.898
49.73,49.885,49.659,49.855
49.815,49.895,49.75,49.827
49.83,50.03,49.83,49.86
49.859,49.949,49.835,49.947
49.92,50.03,49.865,49.898
49.903,50.025,49.903,50.011
50.088,50.175,50.05,50.127
50.132,50.315,50.075,50.12
50.15,50.18,49.99,50.055
50.035,50.08,49.895,49.93
49.952,49.952,49.83,49.868
49.857,49.91,49.827,49.866
49.888,50.055,49.88,49.975
49.985,50.025,49.95,49.978
49.96,49.96,49.885,49.918
49.894,49.923,49.862,49.923
49.942,49.942,49.809,49.86
49.852,49.857,49.795,49.795
49.795,49.908,49.715,49.905
49.893,50.005,49.885,49.965
49.938,50.035,49.93,49.94
49.93,49.963,49.868,49.96
50,50.185,49.978,50.159
50.153,50.237,50.128,50.23
50.17,50.239,50.089,50.103
50.13,50.154,50.095,50.151
50.167,50.26,50.085,50.247
50.23,50.287,50.18,50.272
50.38,50.431,50.293,50.349
50.326,50.36,50.275,50.34
50.295,50.455,50.247,50.395
50.406,50.675,50.375,50.635
50.78,50.99,50.71,50.99
51.023,51.036,50.923,50.997
50.998,51.015,50.857,50.94
50.963,50.999,50.9,50.993
51,51.003,50.967,50.996
50.996,50.996,50.83,50.86
50.955,50.99,50.789,50.915
50.938,50.989,50.894,50.987
50.965,50.975,50.888,50.9
50.94,50.953,50.8,50.8
50.763,50.778,50.693,50.769
50.735,50.791,50.681,50.689
50.718,50.838,50.63,50.655
50.75,50.798,50.631,50.656
50.662,50.756,50.619,50.755
50.756,50.9,50.756,50.873
50.85,50.863,50.76,50.78
50.764,50.764,50.562,50.575
50.552,50.552,50.385,50.46
50.475,50.595,50.458,50.57
50.487,50.72,50.487,50.705
50.68,50.775,50.635,50.775
50.845,50.885,50.769,50.78
50.77,50.879,50.77,50.848
50.863,50.863,50.605,50.645
50.765,50.765,50.61,50.69
50.647,50.647,50.537,50.578
50.565,50.668,50.565,50.614
50.658,50.695,50.618,50.665
50.678,50.777,50.675,50.715
50.775,50.85,50.722,50.838
50.88,50.888,50.84,50.845
50.833,50.882,50.725,50.736
50.737,50.737,50.685,50.73
50.698,50.84,50.698,50.81
50.785,50.823,50.773,50.807
50.863,50.863,50.77,50.863
50.872,50.872,50.8,50.82
50.812,50.907,50.795,50.877
50.89,50.89,50.745,50.787
50.745,50.818,50.73,50.75
50.788,50.788,50.707,50.71
50.72,50.756,50.65,50.74
50.736,50.795,50.732,50.77
50.79,50.823,50.725,50.811
50.787,50.817,50.71,50.731
50.73,50.8,50.73,50.756
50.732,50.767,50.71,50.715
50.669,50.669,50.535,50.545
50.539,50.539,50.36,50.42
50.44,50.515,50.395,50.483
50.472,50.472,50.385,50.385
50.6,50.6,50.475,50.548
50.583,50.583,50.513,50.57
50.543,50.57,50.535,50.545
50.53,50.62,50.53,50.615
50.6,50.62,50.415,50.425
50.428,50.435,50.32,50.345
50.312,50.335,50.22,50.245
50.247,50.247,50.135,50.175
50.148,50.173,49.93,50.015
50.013,50.12,49.993,50.105
50.188,50.188,50.015,50.03
50.034,50.09,50.026,50.077
50.1,50.243,50.1,50.22
50.177,50.206,50.132,50.16
50.147,50.147,50.015,50.105
50.075,50.08,49.86,49.865
49.81,49.95,49.775,49.945
49.942,50.184,49.92,50.184
50.158,50.332,50.143,50.275
50.276,50.348,50.255,50.325
50.35,50.455,50.318,50.423
50.413,50.425,50.36,50.395
50.298,50.368,50.235,50.285
50.26,50.325,50.235,50.243
50.323,50.361,50.22,50.34
50.345,50.43,50.335,50.425
50.583,50.765,50.57,50.642
50.65,50.665,50.588,50.64
50.643,50.746,50.625,50.635
50.657,50.749,50.585,50.592
50.688,50.693,50.525,50.565
50.553,50.553,50.34,50.34
50.318,50.535,50.314,50.47
50.463,50.496,50.37,50.388
50.4,50.558,50.38,50.423
50.417,50.445,50.345,50.428
50.463,50.47,50.345,50.36
50.387,50.423,50.354,50.383
50.378,50.445,50.353,50.375
50.368,50.419,50.33,50.365
50.385,50.433,50.359,50.415
50.405,50.42,50.383,50.41
50.41,50.465,50.335,50.38
50.382,50.424,50.342,50.387
50.438,50.438,50.32,50.353
50.36,50.42,50.34,50.417
50.438,50.438,50.225,50.25
50.26,50.381,50.255,50.375
50.293,50.31,50.198,50.31
50.295,50.37,50.28,50.285
50.237,50.345,50.237,50.309
50.31,50.39,50.31,50.365
50.295,50.372,50.263,50.31
50.293,50.36,50.284,50.34
50.335,50.38,50.325,50.35
50.349,50.38,50.347,50.363
50.358,50.358,50.315,50.355
50.35,50.36,50.28,50.295
50.253,50.253,50.138,50.2
50.213,50.213,49.96,49.98
49.955,50.013,49.915,49.954
49.941,50.033,49.89,50.025
49.965,50.037,49.92,49.92
49.912,49.96,49.908,49.939
49.853,49.928,49.853,49.91
49.91,49.96,49.908,49.948
49.927,50.085,49.904,50.036
50.061,50.19,50.056,50.19
50.098,50.187,50.095,50.158
50.151,50.151,50.048,50.048
50.045,50.075,49.977,50.016
50.033,50.033,49.96,50.03
50.46,50.468,50.075,50.11
50.135,50.253,50.107,50.236
50.188,50.295,50.135,50.295
50.335,50.457,50.31,50.448
50.535,50.895,50.535,50.895
50.915,50.995,50.897,50.987
50.97,50.998,50.94,50.985
50.985,50.995,50.755,50.99
50.993,51,50.945,50.993
50.99,51.002,50.973,50.998
51.25,51.272,51.173,51.256
51.264,51.299,51.26,51.298
51.275,51.3,51.103,51.105
51.104,51.104,50.9,50.955
50.95,51.21,50.925,51.17
51.167,51.195,51.111,51.18
51.203,51.285,51.185,51.217
51.22,51.37,51.194,51.355
51.4,51.42,51.29,51.404
51.401,51.44,51.275,51.31
51.413,51.413,51.162,51.203
51.21,51.24,51.08,51.155
51.035,51.245,50.955,51.225
51.213,51.245,51.17,51.205
51.085,51.228,51.08,51.183
51.17,51.185,50.995,51.055
51.037,51.145,51.022,51.069
51.05,51.125,50.985,51.112
51.125,51.335,51.125,51.26
51.257,51.29,51.239,51.248
51.317,51.433,51.205,51.42
51.414,51.479,51.412,51.478
51.493,51.5,51.405,51.46
51.418,51.497,51.414,51.497
51.5,51.5,51.375,51.462
51.465,51.482,51.357,51.36
51.323,51.461,51.308,51.438
51.438,51.443,51.317,51.385
51.29,51.345,51.265,51.3
51.298,51.35,51.287,51.3
51.398,51.408,51.287,51.3
51.29,51.324,51.205,51.255
51.232,51.27,51.183,51.21
51.212,51.308,51.185,51.303
51.35,51.44,51.35,51.425
51.427,51.432,51.31,51.335
51.425,51.5,51.25,51.255
51.25,51.311,51.225,51.23
51.16,51.225,51.12,51.125
51.12,51.12,50.965,50.975
51,51.175,51,51.104
51.115,51.145,51.005,51.048
50.981,51.1,50.92,50.938
50.945,51.065,50.945,51.05
51.038,51.06,50.965,51.03
51.023,51.13,51,51.125
51.1,51.34,51.075,51.276
51.279,51.39,51.279,51.39
51.4,51.443,51.38,51.415
51.41,51.497,51.41,51.495
51.443,51.443,51.325,51.355
51.361,51.397,51.333,51.353
51.28,51.37,51.245,51.29
51.288,51.293,51.21,51.252
51.313,51.36,51.298,51.354
51.349,51.349,51.305,51.333
51.395,51.413,51.345,51.385
51.363,51.37,51.32,51.36
51.462,51.462,51.338,51.364
51.366,51.385,51.353,51.382
51.357,51.357,51.267,51.267
51.276,51.296,51.266,51.29
51.415,51.415,51.232,51.35
51.355,51.355,51.3,51.338
51.382,51.382,51.29,51.305
51.308,51.37,51.28,51.357
51.42,51.435,51.378,51.38
51.393,51.413,51.375,51.39
51.458,51.464,51.41,51.455
51.444,51.467,51.42,51.46
51.433,51.433,51.27,51.271
51.268,51.29,51.105,51.115
51.2,51.42,51.145,51.365
51.36,51.41,51.311,51.35
51.44,51.44,51.342,51.41
51.425,51.425,51.272,51.28
51.237,51.29,51.219,51.257
51.255,51.285,51.217,51.235
51.35,51.415,51.32,51.395
51.405,51.45,51.401,51.43
51.48,51.48,51.428,51.46
51.463,51.497,51.44,51.495
51.542,51.72,51.48,51.692
51.677,51.743,51.677,51.742
51.875,52.135,51.85,52.11
52.11,52.187,52.11,52.165
52.3,52.31,52.03,52.138
52.145,52.335,52.145,52.3
52.27,52.303,52.19,52.279
52.276,52.283,52.165,52.23
52.15,52.17,52.045,52.17
52.17,52.24,52.155,52.168
52.158,52.34,52.158,52.305
52.303,52.305,52.215,52.29
52.293,52.47,52.293,52.45
52.44,52.487,52.428,52.485
52.405,52.46,52.36,52.375
52.374,52.425,52.341,52.41
52.395,52.395,52.27,52.291
52.299,52.335,52.2,52.33
52.16,52.19,52.11,52.155
52.156,52.213,52.146,52.155
52.265,52.418,52.225,52.342
52.341,52.375,52.306,52.35
52.388,52.395,52.32,52.363
52.344,52.383,52.338,52.36
52.33,52.455,52.325,52.451
52.451,52.471,52.44,52.452
52.445,52.45,52.34,52.371
52.371,52.403,52.363,52.395
52.417,52.43,52.32,52.321
52.324,52.355,52.263,52.323
52.329,52.333,52.198,52.198
52.198,52.24,52.135,52.148
52.195,52.291,52.175,52.291
52.3,52.3,52.085,52.125
52.028,52.13,52.025,52.054
52.056,52.09,51.995,52.09
52.028,52.03,51.92,51.926
51.94,52.035,51.934,52.028
52.062,52.092,51.936,51.936
51.933,51.939,51.745,51.755
51.717,51.8,51.613,51.615
51.603,51.715,51.54,51.668
51.61,51.625,51.434,51.438
51.439,51.439,51.325,51.37
51.3,51.355,51.174,51.2
51.198,51.234,51.149,51.208
51.252,51.43,51.252,51.404
51.403,51.435,51.37,51.435
51.39,51.408,51.345,51.35
51.344,51.423,51.338,51.418
51.458,51.548,51.438,51.506
51.504,51.607,51.497,51.588
51.768,52.04,51.685,51.995
51.98,52.077,51.963,52.045
52.118,52.278,52.095,52.127
52.103,52.173,52.065,52.12
52.075,52.075,51.875,51.987
51.982,52.071,51.97,52.033
52.118,52.284,52.118,52.27
52.261,52.285,52.198,52.268
52.49,52.49,52.32,52.423
52.41,52.475,52.408,52.463
52.499,52.499,52.425,52.441
52.438,52.485,52.434,52.483
52.498,52.498,52.365,52.432
52.435,52.438,52.355,52.368
52.47,52.487,52.323,52.323
52.323,52.333,52.22,52.33
52.33,52.465,52.325,52.465
52.48,52.48,52.415,52.415
52.342,52.365,52.19,52.245
52.237,52.308,52.13,52.265
52.35,52.37,52.195,52.245
52.227,52.32,52.12,52.12
52.083,52.188,51.97,52.164
52.174,52.4,52.174,52.255
52.3,52.425,52.298,52.331
52.311,52.311,52.158,52.193
52.257,52.34,52.23,52.314
52.314,52.39,52.274,52.375
52.35,52.475,52.35,52.467
52.471,52.499,52.47,52.495
52.475,52.475,52.25,52.34
52.344,52.425,52.325,52.395
52.452,52.495,52.443,52.48
52.479,52.5,52.474,52.497
52.459,52.465,52.35,52.388
52.395,52.405,52.355,52.38
52.355,52.42,52.24,52.26
52.248,52.288,52.215,52.283
52.21,52.458,52.2,52.458
52.458,52.482,52.43,52.482
52.445,52.46,52.4,52.425
52.413,52.475,52.413,52.457
52.453,52.485,52.38,52.467
52.475,52.499,52.468,52.493
52.49,52.49,52.44,52.471
52.47,52.47,52.41,52.436
52.443,52.46,52.363,52.45
52.445,52.46,52.39,52.455
52.482,52.482,52.365,52.371
52.365,52.463,52.283,52.46
52.413,52.438,52.236,52.268
52.268,52.273,52.126,52.225
52.345,52.352,52.16,52.278
52.269,52.275,52.155,52.27
52.237,52.38,52.2,52.3
52.302,52.345,52.272,52.33
52.375,52.41,52.306,52.314
52.321,52.38,52.313,52.357
52.455,52.475,52.302,52.474
52.475,52.478,52.41,52.41
52.433,52.433,52.273,52.276
52.276,52.335,52.237,52.335
52.333,52.333,52.155,52.257
52.261,52.325,52.255,52.318
52.42,52.44,52.382,52.423
52.42,52.424,52.376,52.389
52.482,52.482,52.395,52.444
52.463,52.489,52.445,52.487
52.465,52.5,52.465,52.49
52.5,52.791,52.5,52.791
52.66,52.917,52.65,52.757
52.772,52.878,52.71,52.866
52.905,52.97,52.865,52.91
52.915,52.92,52.85,52.872
52.89,52.935,52.885,52.935
52.931,52.971,52.93,52.959
52.975,52.975,52.86,52.901
52.9,52.93,52.875,52.921
52.98,52.98,52.931,52.931
52.928,52.96,52.909,52.96
52.935,52.96,52.931,52.953
52.938,52.985,52.932,52.985
53.278,53.278,52.982,53.011
53.006,53.298,52.997,53.295
53.3,53.385,53.222,53.222
53.235,53.249,53.128,53.246
53.185,53.405,53.185,53.395
53.392,53.46,53.335,53.451
53.5,53.5,53.295,53.369
53.361,53.488,53.361,53.478
53.5,53.5,53.432,53.465
53.467,53.755,53.46,53.745
53.675,54.05,53.675,53.964
53.958,54.102,53.949,54.073
54.09,54.375,54.058,54.355
54.362,54.413,54.256,54.265
54.243,54.615,54.215,54.508
54.52,54.579,54.455,54.49
54.6,54.6,54.365,54.48
54.483,54.675,54.483,54.675
54.638,54.91,54.61,54.895
54.9,54.99,54.845,54.99
54.95,55.147,54.855,55.134
55.115,55.13,54.795,54.795
54.725,54.868,54.64,54.795
54.815,54.853,54.68,54.75
54.605,55.08,54.6,54.978
54.969,55.078,54.945,55.074
55.025,55.118,54.815,54.848
54.843,55.045,54.815,54.975
54.91,55.264,54.9,55.251
55.28,55.285,55.075,55.08
55,55.198,54.97,55.018
55.025,55.105,54.99,55.075
55.15,55.175,54.985,55.115
55.115,55.26,55.075,55.255
55.25,55.633,55.188,55.633
55.623,55.75,55.603,55.693
55.675,55.993,55.675,55.842
55.827,56.075,55.81,56.07
56.005,56.13,55.845,55.92
55.939,56.05,55.905,55.935
56,56,55.875,55.935
55.933,56.025,55.923,55.993
55.99,56.395,55.99,56.365
56.37,56.439,56.27,56.375
56.45,56.45,56.237,56.35
56.353,56.425,56.27,56.275
56.412,56.45,56.015,56.177
56.188,56.225,55.97,56.155
56.415,56.44,56.3,56.356
56.349,56.43,56.349,56.415
56.425,56.427,56.295,56.397
56.4,56.4,56.327,56.368
56.412,56.412,56.268,56.349
56.359,56.362,56.265,56.275
56.287,56.338,56.19,56.338
56.335,56.354,56.225,56.31
56.298,56.36,56.275,56.278
56.29,56.42,56.287,56.368
56.412,56.44,56.275,56.334
56.339,56.359,56.27,56.298
56.183,56.287,56.163,56.23
56.225,56.225,56.095,56.095
55.927,55.932,55.62,55.695
55.695,55.713,55.315,55.315
55.862,55.862,55.41,55.8
55.795,55.803,55.657,55.705
55.55,55.765,55.535,55.75
55.745,55.975,55.7,55.835
55.855,55.858,55.115,55.213
55.23,55.275,55.057,55.15
55.488,55.513,55.34,55.41
55.415,55.456,55.325,55.325
55.375,55.43,55.33,55.36
55.366,55.441,55.34,55.438
55.45,55.695,55.45,55.61
55.612,55.765,55.595,55.74
55.682,55.77,55.625,55.727
55.73,55.738,55.58,55.615
55.575,55.579,55.165,55.215
55.21,55.315,55.178,55.205
55.45,55.675,55.45,55.67
55.67,55.705,55.528,55.543
55.52,55.61,55.395,55.562
55.56,55.653,55.485,55.605
55.643,55.825,55.643,55.711
55.716,55.745,55.663,55.673
55.45,55.568,55.423,55.465
55.478,55.52,55.31,55.31
55.362,55.533,55.362,55.476
55.481,55.66,55.479,55.625
55.715,55.885,55.708,55.853
55.85,55.873,55.78,55.843
55.763,56.08,55.75,55.973
55.988,56.003,55.835,55.84
55.885,55.905,55.77,55.795
55.784,55.885,55.712,55.88
55.843,55.905,55.765,55.881
55.879,55.966,55.86,55.88
55.928,56.06,55.925,55.955
55.94,55.95,55.885,55.945
56.013,56.125,56,56.072
56.073,56.206,56.07,56.206
56.27,56.338,56.128,56.2
56.201,56.225,56.07,56.09
55.93,56.087,55.915,56.02
56.013,56.045,55.908,56.043
56.09,56.118,55.995,56.033
56.033,56.062,56.009,56.033
56.055,56.315,56.055,56.287
56.29,56.29,56.19,56.225
56.162,56.205,56.13,56.145
56.147,56.2,56.14,56.156
56.188,56.433,56.135,56.43
56.43,56.44,56.36,56.435
56.5,56.908,56.475,56.865
56.86,56.86,56.767,56.77
56.638,56.98,56.6,56.956
56.957,56.995,56.95,56.985
56.99,56.99,56.868,56.917
56.921,56.998,56.918,56.994
57,57.503,57,57.433
57.23,57.24,57.14,57.143
57.062,57.397,57.055,57.397
57.199,57.204,57.075,57.135
57.052,57.073,56.827,56.895
56.893,56.918,56.79,56.83
56.775,57.065,56.775,57.06
57.055,57.06,56.838,56.868
56.888,56.945,56.825,56.855
56.855,56.859,56.728,56.793
56.825,57.265,56.8,57.159
57.136,57.163,57.025,57.095
57.075,57.125,56.975,57.062
57.052,57.165,57.052,57.165
57.4,57.4,57.158,57.351
57.35,57.425,57.31,57.415
57.4,57.463,57.313,57.357
57.355,57.43,57.332,57.425
57.35,57.423,57.35,57.377
57.383,57.518,57.38,57.49
57.55,57.91,57.525,57.908
57.905,57.999,57.863,57.995
58.038,58.44,58.038,58.404
58.401,58.502,58.393,58.49
58.47,58.483,58.3,58.365
58.37,58.495,58.265,58.495
58.75,58.993,58.743,58.99
58.995,58.995,58.946,58.989
58.933,59.005,58.883,58.986
58.993,59,58.985,58.992
58.957,58.965,58.75,58.94
58.934,58.998,58.934,58.982
58.632,58.775,58.555,58.676
58.69,58.69,58.525,58.647
58.95,58.979,58.738,58.979
58.969,58.998,58.95,58.995
58.982,58.99,58.775,58.795
58.795,58.85,58.637,58.67
58.6,58.775,58.6,58.72
58.705,58.705,58.395,58.665
58.645,58.658,58.548,58.615
58.615,58.715,58.555,58.67
58.65,58.89,58.65,58.865
58.862,58.931,58.856,58.925
58.972,59,58.965,59
58.996,59.002,58.989,58.993
58.961,59,58.922,58.993
58.992,58.995,58.835,58.865
58.843,59,58.843,58.92
58.928,58.975,58.89,58.965
59,59,58.865,58.945
58.948,59.001,58.945,58.999
58.996,58.996,58.895,58.929
58.931,58.97,58.91,58.945
58.947,58.999,58.944,58.993
58.997,59.004,58.99,58.999
58.978,58.993,58.803,58.86
58.865,58.953,58.829,58.829
58.838,58.923,58.784,58.923
58.919,58.984,58.913,58.97
58.98,59.005,58.94,59.001
58.99,58.99,58.935,58.95
58.942,58.965,58.87,58.928
58.925,58.928,58.69,58.764
58.812,58.895,58.75,58.768
58.77,58.885,58.745,58.87
58.845,58.925,58.795,58.834
58.831,58.831,58.794,58.8
58.763,58.845,58.612,58.638
58.634,58.66,58.46,58.463
58.65,58.65,58.259,58.299
58.298,58.3,58.11,58.23
58.174,58.33,57.83,57.857
57.84,58.01,57.84,57.98
58.055,58.32,58.038,58.32
58.32,58.597,58.25,58.48
58.55,58.765,58.225,58.705
58.69,58.875,58.668,58.825
58.89,58.925,58.358,58.368
58.365,58.665,58.362,58.565
58.47,58.645,58.449,58.505
58.503,58.61,58.47,58.6
58.7,58.775,58.105,58.188
58.195,58.33,58.19,58.28
58.644,58.644,57.929,57.935
57.925,58.055,57.925,58.015
58.8,58.8,58.005,58.105
58.103,58.243,58.015,58.197
57.888,57.963,57.2,57.435
57.443,57.45,57.15,57.263
57.188,57.384,57.188,57.362
57.382,57.386,57.23,57.295
57.217,57.46,57.215,57.397
57.388,57.388,57.202,57.228
57.237,57.55,57.2,57.518
57.525,57.53,57.355,57.355
57.275,57.523,57.263,57.438
57.45,57.505,57.358,57.37
57.388,57.449,57.315,57.327
57.305,57.305,57.238,57.25
57.205,57.363,57.188,57.304
57.309,57.37,57.268,57.36
57.288,57.463,57.255,57.305
57.31,57.442,57.31,57.393
57.361,57.361,57.178,57.312
57.287,57.29,56.955,56.97
56.875,56.938,56.705,56.74
56.708,56.794,56.68,56.79
56.75,56.835,56.715,56.727
56.722,56.77,56.66,56.685
56.7,56.888,56.7,56.753
56.758,56.78,56.655,56.655
56.688,56.787,56.528,56.532
56.535,56.63,56.495,56.575
56.322,56.394,56.305,56.362
56.35,56.35,56.125,56.195
56.165,56.165,55.98,55.981
55.995,55.995,55.73,55.765
55.812,55.876,55.728,55.775
55.805,56.045,55.805,56.025
56.075,56.126,55.962,56.037
56.031,56.031,55.965,55.982
55.953,55.98,55.475,55.505
55.515,55.585,55.465,55.47
55.34,55.34,55.168,55.292
55.31,55.39,55.275,55.375
55.5,55.588,55.393,55.52
55.533,55.665,55.52,55.66
55.647,55.905,55.637,55.895
55.898,55.925,55.802,55.915
55.85,55.888,55.63,55.736
55.726,55.83,55.698,55.779
55.773,55.85,55.645,55.668
55.683,55.713,55.61,55.685
55.87,55.878,55.698,55.743
55.728,55.735,55.565,55.568
55.485,55.49,55.415,55.45
55.445,55.48,55.395,55.43
55.428,55.438,55.262,55.43
55.438,55.452,55.243,55.253
55.325,55.325,55.075,55.215
55.2,55.23,55.1,55.11
55.099,55.175,55.078,55.12
55.107,55.119,55.079,55.11
55.3,55.345,55.209,55.33
55.329,55.329,55.173,55.173
55.158,55.501,55.148,55.501
55.511,55.948,55.495,55.923
55.89,56.283,55.875,56.152
56.145,56.211,56.103,56.178
56.188,56.2,55.685,55.747
55.775,55.925,55.712,55.729
